resources/lupos/persistence-import.sparql,1024,0,1,144.321965,6.928952221513891,46567
resources/lupos/q2.sparql,1024,0,20900,5000.168444,4179.85918555987,46567,WithOptimizer
resources/lupos/q2.sparql,1024,0,71745,5000.096406,14348.723339395548,46567,NoOptimizer
resources/lupos/persistence-import.sparql,32768,0,1,356.089698,2.808281187623687,1494309
resources/lupos/q2.sparql,32768,0,3615,5000.457657,722.9338288545375,1494309,WithOptimizer
resources/lupos/q2.sparql,32768,0,5373,5000.167098000001,1074.564088497988,1494309,NoOptimizer
resources/lupos/persistence-import.sparql,2097152,0,1,11457.532054,0.08727883066675643,103021399
resources/lupos/q2.sparql,2097152,0,40,5007.441016,7.98811206606133,103021399,WithOptimizer
resources/lupos/q2.sparql,2097152,0,51,5076.335377,10.04661753261461,103021399,NoOptimizer
