resources/lupos/persistence-import.sparql,1024,0,1,142.18443,7.033118886505365,46567
resources/lupos/q2.sparql,1024,0,21586,5000.131368,4317.086574594174,46567,WithOptimizer
resources/lupos/q2.sparql,1024,0,72451,5000.057948000001,14490.032066324364,46567,NoOptimizer
