resources/lupos/persistence-import.sparql,1024,0,1,131.403271,7.610160632911491,30264
resources/lupos/q2.sparql,1024,0,18245,5000.140325,3648.897593689033,30264,WithOptimizer
resources/lupos/q2.sparql,1024,0,62101,5000.028902,12420.128206690913,30264,NoOptimizer
