resources/lupos/persistence-import.sparql,1024,0,1,121.927596,8.201588752721738,24170
resources/lupos/q2.sparql,1024,0,18655,5000.187803,3730.859866664892,24170,WithOptimizer
resources/lupos/q2.sparql,1024,0,65358,5000.006366,13071.58335726007,24170,NoOptimizer
