resources/lupos/persistence-import.sparql,1024,0,1,126.560536,7.90135718135707,23599
resources/lupos/q2.sparql,1024,0,24322,5000.102927,4864.299866441529,23599,WithOptimizer
resources/lupos/q2.sparql,1024,0,100644,5000.032589,20128.66880536246,23599,NoOptimizer
resources/lupos/persistence-import.sparql,32768,0,1,290.508215,3.442243449122428,725838
resources/lupos/q2.sparql,32768,0,6920,5000.499422,1383.8617737970415,725838,WithOptimizer
resources/lupos/q2.sparql,32768,0,11985,5000.265223,2396.8728588379518,725838,NoOptimizer
resources/lupos/persistence-import.sparql,2097152,0,1,4861.269883,0.2057075669666127,49879538
resources/lupos/q2.sparql,2097152,0,191,5006.890512,38.1474289366286,49879538,WithOptimizer
resources/lupos/q2.sparql,2097152,0,221,5002.400548,44.17878933912191,49879538,NoOptimizer
