resources/lupos/persistence-import.sparql,1024,0,1,127.057689,7.870440646846646,23453
resources/lupos/q2.sparql,1024,0,23371,5000.006688,4674.193747798443,23453,WithOptimizer
resources/lupos/q2.sparql,1024,0,93029,5000.01578,18605.74128028052,23453,NoOptimizer
resources/lupos/persistence-import.sparql,32768,0,1,288.48542199999997,3.4663796633716903,721328
resources/lupos/q2.sparql,32768,0,6981,5000.206339,1396.1423842753143,721328,WithOptimizer
resources/lupos/q2.sparql,32768,0,10656,5000.292603,2131.0752881954895,721328,NoOptimizer
resources/lupos/persistence-import.sparql,2097152,0,1,4944.233556,0.20225581754455452,49569752
resources/lupos/q2.sparql,2097152,0,210,5017.8352190000005,41.85071666061021,49569752,WithOptimizer
resources/lupos/q2.sparql,2097152,0,232,5014.423987,46.266530433299,49569752,NoOptimizer
