resources/lupos/persistence-import.sparql,1024,0,1,127.245304,7.858836189349668,25973
resources/lupos/q2.sparql,1024,0,23774,5000.156244000001,4754.651422848618,25973,WithOptimizer
resources/lupos/q2.sparql,1024,0,86623,5000.0401520000005,17324.460877649366,25973,NoOptimizer
resources/lupos/persistence-import.sparql,32768,0,1,339.752005,2.943323321962441,805780
resources/lupos/q2.sparql,32768,0,3875,5000.96414,774.8505871109886,805780,WithOptimizer
resources/lupos/q2.sparql,32768,0,5390,5000.156123,1077.9663409321909,805780,NoOptimizer
resources/lupos/persistence-import.sparql,2097152,0,1,5335.263677000001,0.18743216090911113,55403670
resources/lupos/q2.sparql,2097152,0,76,5053.280294,15.039735692128222,55403670,WithOptimizer
resources/lupos/q2.sparql,2097152,0,82,5005.827268,16.380908810855118,55403670,NoOptimizer
