resources/lupos/persistence-import.sparql,1024,0,1,123.876095,8.072582526919337,22262
resources/lupos/q2.sparql,1024,0,23939,5000.025661,4787.775428178948,22262,WithOptimizer
resources/lupos/q2.sparql,1024,0,106482,5000.014905,21296.33651562085,22262,NoOptimizer
resources/lupos/persistence-import.sparql,32768,0,1,271.439987,3.684055584632783,680620
resources/lupos/q2.sparql,32768,0,5911,5000.0613730000005,1182.1854891459948,680620,WithOptimizer
resources/lupos/q2.sparql,32768,0,10975,5000.161301,2194.929191145308,680620,NoOptimizer
resources/lupos/persistence-import.sparql,2097152,0,1,4741.921681,0.2108849675874687,46752468
resources/lupos/q2.sparql,2097152,0,158,5026.486983,31.43348436678922,46752468,WithOptimizer
resources/lupos/q2.sparql,2097152,0,182,5022.675665000001,36.23566643338098,46752468,NoOptimizer
