resources/lupos/persistence-import.sparql,1024,0,1,143.725463,6.957709365667516,56292
resources/lupos/q2.sparql,1024,0,21265,5000.085725,4252.927083565152,56292,WithOptimizer
resources/lupos/q2.sparql,1024,0,67721,5000.037515,13544.098378629866,56292,NoOptimizer
resources/lupos/persistence-import.sparql,32768,0,1,389.87417800000003,2.564930063154888,1830051
resources/lupos/q2.sparql,32768,0,3877,5000.951245,775.252508985418,1830051,WithOptimizer
resources/lupos/q2.sparql,32768,0,5210,5000.535345,1041.8884460459703,1830051,NoOptimizer
resources/lupos/persistence-import.sparql,2097152,0,1,12075.607375000001,0.08281156955055438,125536565
resources/lupos/q2.sparql,2097152,0,48,5061.49378,9.483366390702153,125536565,WithOptimizer
resources/lupos/q2.sparql,2097152,0,54,5061.980324,10.667761734271016,125536565,NoOptimizer
