resources/lupos/persistence-import.sparql,1024,0,1,116.138148,8.61043522064774,25114
resources/lupos/q2.sparql,1024,0,23913,5000.119496,4782.485702417701,25114,WithOptimizer
resources/lupos/q2.sparql,1024,0,99865,5000.047570000001,19972.809978685862,25114,NoOptimizer
resources/lupos/persistence-import.sparql,32768,0,1,288.49825200000004,3.4662255076678936,776309
resources/lupos/q2.sparql,32768,0,5597,5000.403455,1119.3096817824674,776309,WithOptimizer
resources/lupos/q2.sparql,32768,0,8045,5000.471466,1608.8482965458043,776309,NoOptimizer
resources/lupos/persistence-import.sparql,2097152,0,1,5124.102386,0.19515613168311896,53374433
resources/lupos/q2.sparql,2097152,0,126,5003.185021,25.18395771316409,53374433,WithOptimizer
resources/lupos/q2.sparql,2097152,0,136,5028.09497,27.048017352782818,53374433,NoOptimizer
