resources/lupos/persistence-import.sparql,1024,0,1,116.674803,8.570830841685673,22266
resources/lupos/q2.sparql,1024,0,24625,5000.022069,4924.978262130947,22266,WithOptimizer
resources/lupos/q2.sparql,1024,0,92499,5000.048857000001,18499.619232820627,22266,NoOptimizer
resources/lupos/persistence-import.sparql,32768,0,1,268.653905,3.7222611746514533,680593
resources/lupos/q2.sparql,32768,0,3289,5001.224686,657.638919764382,680593,WithOptimizer
resources/lupos/q2.sparql,32768,0,4010,5000.746982,801.8802019845922,680593,NoOptimizer
resources/lupos/persistence-import.sparql,2097152,0,1,4698.657787,0.2128267359173821,46744126
resources/lupos/q2.sparql,2097152,0,60,5052.250738,11.875895142874835,46744126,WithOptimizer
resources/lupos/q2.sparql,2097152,0,64,5052.526224,12.666930791174059,46744126,NoOptimizer
