resources/lupos/persistence-import.sparql,1024,0,1,124.744946,8.016356831001394,22971
resources/lupos/q2.sparql,1024,0,24132,5000.105804999999,4826.297870710759,22971,WithOptimizer
resources/lupos/q2.sparql,1024,0,112656,5000.007693,22531.16533354902,22971,NoOptimizer
resources/lupos/persistence-import.sparql,32768,0,1,296.495881,3.3727281358084027,705319
resources/lupos/q2.sparql,32768,0,6033,5000.296497,1206.5284535866194,705319,WithOptimizer
resources/lupos/q2.sparql,32768,0,9840,5000.173720000001,1967.9316261835797,705319,NoOptimizer
resources/lupos/persistence-import.sparql,2097152,0,1,5165.095394,0.1936072664140228,48471675
resources/lupos/q2.sparql,2097152,0,153,5024.827628999999,30.44880566986709,48471675,WithOptimizer
resources/lupos/q2.sparql,2097152,0,169,5026.190432,33.62387523640887,48471675,NoOptimizer
