resources/lupos/persistence-import.sparql,1024,0,1,147.513061,6.77906073686587,22263
resources/lupos/q2.sparql,1024,0,19023,5000.171773,3804.4692989790215,22263,WithOptimizer
resources/lupos/q2.sparql,1024,0,70354,5000.0259829999995,14070.726880060696,22263,NoOptimizer
