resources/lupos/persistence-import.sparql,32,0,1,136.774533,7.311302609236472,40296
resources/lupos/q2.sparql,32,0,22185,5000.11359,4436.899202523918,40296,WithOptimizer
resources/lupos/q2.sparql,32,0,80256,5000.039878,16051.071983070293,40296,NoOptimizer
