resources/lupos/persistence-import.sparql,1024,0,1,120.103966,8.326119721974877,23071
resources/lupos/q2.sparql,1024,0,23242,5000.0130260000005,4648.387890019869,23071,WithOptimizer
resources/lupos/q2.sparql,1024,0,99112,5000.007315000001,19822.370999871226,23071,NoOptimizer
resources/lupos/persistence-import.sparql,32768,0,1,272.17125,3.6741573549741204,708685
resources/lupos/q2.sparql,32768,0,6850,5000.377771,1369.896498565968,708685,WithOptimizer
resources/lupos/q2.sparql,32768,0,12084,5000.130644000001,2416.7368535661003,708685,NoOptimizer
resources/lupos/persistence-import.sparql,2097152,0,1,4924.065313,0.20308422744919835,48704636
resources/lupos/q2.sparql,2097152,0,207,5013.354131,41.28972232781614,48704636,WithOptimizer
resources/lupos/q2.sparql,2097152,0,249,5006.809028000001,49.732274310343435,48704636,NoOptimizer
