resources/lupos/persistence-import.sparql,1024,0,1,129.54932,7.719067919461098,25114
resources/lupos/q2.sparql,1024,0,18936,5000.354485,3786.9315179161745,25114,WithOptimizer
resources/lupos/q2.sparql,1024,0,69487,5000.036252,13897.299239021597,25114,NoOptimizer
