resources/lupos/persistence-import.sparql,1024,0,1,149.25589,6.6999030993014745,71071
resources/lupos/q2.sparql,1024,0,17125,5000.215628,3424.8523011895995,71071,WithOptimizer
resources/lupos/q2.sparql,1024,0,54036,5000.062261,10807.065428259873,71071,NoOptimizer
