resources/lupos/persistence-import.sparql,1024,0,1,124.585409,8.02662212233858,22266
resources/lupos/q2.sparql,1024,0,18738,5000.144082000001,3747.4920107712205,22266,WithOptimizer
resources/lupos/q2.sparql,1024,0,75884,5000.022626,15176.73132225542,22266,NoOptimizer
