resources/lupos/persistence-import.sparql,1024,0,1,124.810816,8.012126128556037,22261
resources/lupos/q2.sparql,1024,0,22439,5000.179159,4487.639199809721,22261,WithOptimizer
resources/lupos/q2.sparql,1024,0,97225,5000.006799000001,19444.973558724952,22261,NoOptimizer
resources/lupos/persistence-import.sparql,32768,0,1,273.60486499999996,3.654905770772753,680666
resources/lupos/q2.sparql,32768,0,7211,5000.249580000001,1442.1280147380162,680666,WithOptimizer
resources/lupos/q2.sparql,32768,0,11916,5000.205166,2383.102213690245,680666,NoOptimizer
resources/lupos/persistence-import.sparql,2097152,0,1,4809.9084379999995,0.20790416551376356,46764355
resources/lupos/q2.sparql,2097152,0,216,5017.200285000001,43.05189901343554,46764355,WithOptimizer
resources/lupos/q2.sparql,2097152,0,247,5005.680071,49.34394457827507,46764355,NoOptimizer
