resources/lupos/persistence-import.sparql,1024,0,1,135.366186,7.387369250397585,39657
resources/lupos/q2.sparql,1024,0,21562,5000.037114999999,4312.367989292416,39657,WithOptimizer
resources/lupos/q2.sparql,1024,0,76595,5000.026517,15318.91875764626,39657,NoOptimizer
resources/lupos/persistence-import.sparql,32768,0,1,378.19345599999997,2.644149400617868,1261796
