resources/lupos/persistence-import.sparql,1024,0,1,138.907736,7.199023098324775,46567
resources/lupos/q2.sparql,1024,0,21334,5000.075544,4266.735534746153,46567,WithOptimizer
resources/lupos/q2.sparql,1024,0,75306,5000.010944,15061.167034117598,46567,NoOptimizer
resources/lupos/persistence-import.sparql,32768,0,1,361.25185999999997,2.7681518373358687,1494309
resources/lupos/q2.sparql,32768,0,4589,5000.452745,917.7169016522723,1494309,WithOptimizer
resources/lupos/q2.sparql,32768,0,6660,5000.001778,1331.9995263409685,1494309,NoOptimizer
resources/lupos/persistence-import.sparql,2097152,0,1,10823.539802000001,0.09239121565527181,103021399
resources/lupos/q2.sparql,2097152,0,57,5082.19516,11.215625965847403,103021399,WithOptimizer
resources/lupos/q2.sparql,2097152,0,62,5035.324412999999,12.313010029687636,103021399,NoOptimizer
