resources/lupos/persistence-import.sparql,1024,0,1,151.020577,6.621614218835888,34460
resources/lupos/q2.sparql,1024,0,21686,5000.177962999999,4337.045633269594,34460,WithOptimizer
resources/lupos/q2.sparql,1024,0,82332,5000.008956000001,16466.37050543715,34460,NoOptimizer
resources/lupos/persistence-import.sparql,32768,0,1,344.405064,2.90355777114822,1087524
resources/lupos/q2.sparql,32768,0,5250,5000.578299,1049.8785712544245,1087524,WithOptimizer
resources/lupos/q2.sparql,32768,0,8038,5000.40896,1607.468521934654,1087524,NoOptimizer
resources/lupos/persistence-import.sparql,2097152,0,1,8525.213763,0.11729911152962136,74877836
resources/lupos/q2.sparql,2097152,0,66,5073.080878,13.009845809124906,74877836,WithOptimizer
resources/lupos/q2.sparql,2097152,0,82,5022.313952,16.327135416802392,74877836,NoOptimizer
