resources/lupos/persistence-import.sparql,1024,0,1,116.310562,8.59767146512455,23163
resources/lupos/q2.sparql,1024,0,20157,5000.0824,4031.333563622871,23163,WithOptimizer
resources/lupos/q2.sparql,1024,0,67685,5000.263095,13536.28773407572,23163,NoOptimizer
resources/lupos/persistence-import.sparql,32768,0,1,293.06210300000004,3.4122460385128677,711956
resources/lupos/q2.sparql,32768,0,7190,5000.298443000001,1437.9141729160986,711956,WithOptimizer
resources/lupos/q2.sparql,32768,0,14679,5000.29483,2935.626897824343,711956,NoOptimizer
resources/lupos/persistence-import.sparql,2097152,0,1,4855.6529629999995,0.20594552527126309,48926455
resources/lupos/q2.sparql,2097152,0,89,5008.092579,17.77123697217499,48926455,WithOptimizer
resources/lupos/q2.sparql,2097152,0,91,5037.914936,18.063028287701126,48926455,NoOptimizer
