resources/lupos/persistence-import.sparql,1024,0,1,128.77334,7.76558253439726,27118
resources/lupos/q2.sparql,1024,0,18903,5000.115804,3780.5124403074724,27118,WithOptimizer
resources/lupos/q2.sparql,1024,0,69233,5000.044105,13846.477860218796,27118,NoOptimizer
