resources/lupos/persistence-import.sparql,1024,0,1,125.813415,7.94827801153001,23782
resources/lupos/q2.sparql,1024,0,23687,5000.037171,4737.364781482742,23782,WithOptimizer
resources/lupos/q2.sparql,1024,0,97813,5000.04801,19562.41216171842,23782,NoOptimizer
resources/lupos/persistence-import.sparql,32768,0,1,322.310764,3.102595729629433,731538
resources/lupos/q2.sparql,32768,0,5985,5000.245207,1196.9413003229145,731538,WithOptimizer
resources/lupos/q2.sparql,32768,0,10383,5000.305341,2076.4731935197237,731538,NoOptimizer
resources/lupos/persistence-import.sparql,2097152,0,1,4910.526113000001,0.20364416703795257,50283969
resources/lupos/q2.sparql,2097152,0,223,5029.117375,44.3417767715155,50283969,WithOptimizer
resources/lupos/q2.sparql,2097152,0,257,5002.466609,51.37465576234494,50283969,NoOptimizer
