resources/lupos/persistence-import.sparql,1024,0,1,123.038832,8.127515384736421,23316
resources/lupos/q2.sparql,1024,0,21335,5000.083592,4266.928663779828,23316,WithOptimizer
resources/lupos/q2.sparql,1024,0,84508,5000.004816,16901.583720394563,23316,NoOptimizer
