resources/lupos/persistence-import.sparql,1024,0,1,124.880014,8.00768648216199,22259
resources/lupos/q2.sparql,1024,0,18880,5000.173167,3775.869228810651,22259,WithOptimizer
resources/lupos/q2.sparql,1024,0,68798,5000.026517,13759.52702772436,22259,NoOptimizer
