resources/lupos/persistence-import.sparql,1024,0,1,133.302966,7.501708551631177,34460
resources/lupos/q2.sparql,1024,0,19141,5000.142570999999,3828.0908450520265,34460,WithOptimizer
resources/lupos/q2.sparql,1024,0,69363,5000.043388,13872.479620170849,34460,NoOptimizer
resources/lupos/persistence-import.sparql,32768,0,1,317.58301500000005,3.148783004028096,1087524
resources/lupos/q2.sparql,32768,0,5076,5000.136611,1015.1722632603887,1087524,WithOptimizer
resources/lupos/q2.sparql,32768,0,7723,5000.219404,1544.5322246903547,1087524,NoOptimizer
resources/lupos/persistence-import.sparql,2097152,0,1,8161.782459999999,0.1225222560023978,74877836
resources/lupos/q2.sparql,2097152,0,50,5034.46321,9.931545412961713,74877836,WithOptimizer
resources/lupos/q2.sparql,2097152,0,61,5071.723983,12.027468412016695,74877836,NoOptimizer
