resources/lupos/persistence-import.sparql,1024,0,1,137.459347,7.274878149974042,30264
resources/lupos/q2.sparql,1024,0,22884,5000.130789,4576.6802841124645,30264,WithOptimizer
resources/lupos/q2.sparql,1024,0,85359,5000.009791,17071.766570066702,30264,NoOptimizer
resources/lupos/persistence-import.sparql,32768,0,1,320.03323500000005,3.1246754731582795,951799
resources/lupos/q2.sparql,32768,0,4157,5000.643409,831.2930277168659,951799,WithOptimizer
resources/lupos/q2.sparql,32768,0,6103,5000.328474,1220.5198181946478,951799,NoOptimizer
resources/lupos/persistence-import.sparql,2097152,0,1,5593.620419999999,0.17877509107062364,65496511
resources/lupos/q2.sparql,2097152,0,81,5016.210224,16.147648599824713,65496511,WithOptimizer
resources/lupos/q2.sparql,2097152,0,108,5015.017929,21.535316828176388,65496511,NoOptimizer
