resources/lupos/persistence-import.sparql,1024,0,1,128.034301,7.810406993982028,27118
resources/lupos/q2.sparql,1024,0,19561,5000.152488000001,3912.08069092792,27118,WithOptimizer
resources/lupos/q2.sparql,1024,0,78041,5000.00674,15608.178960174762,27118,NoOptimizer
