resources/lupos/persistence-import.sparql,1024,0,1,119.419026,8.373875030600233,23316
resources/lupos/q2.sparql,1024,0,23601,5000.096079999999,4720.1092983797225,23316,WithOptimizer
resources/lupos/q2.sparql,1024,0,99698,5000.036563,19939.454190747285,23316,NoOptimizer
resources/lupos/persistence-import.sparql,32768,0,1,273.581821,3.655213626200697,716028
resources/lupos/q2.sparql,32768,0,6052,5000.786255,1210.2096933155162,716028,WithOptimizer
resources/lupos/q2.sparql,32768,0,11061,5000.051229000001,2212.177334473466,716028,NoOptimizer
resources/lupos/persistence-import.sparql,2097152,0,1,4934.35713,0.20266064527842553,49206171
resources/lupos/q2.sparql,2097152,0,200,5015.951809,39.8727913695552,49206171,WithOptimizer
resources/lupos/q2.sparql,2097152,0,231,5003.996241000001,46.16310422204412,49206171,NoOptimizer
