resources/lupos/persistence-import.sparql,1024,0,1,127.956742,7.815141151374422,25114
resources/lupos/q2.sparql,1024,0,18071,5000.123117,3614.111008298998,25114,WithOptimizer
resources/lupos/q2.sparql,1024,0,60792,5000.020431,12158.350318548928,25114,NoOptimizer
