resources/lupos/persistence-import.sparql,1024,0,1,124.920023,8.005121805012795,22262
resources/lupos/q2.sparql,1024,0,23203,5000.040913000001,4640.562028137148,22262,WithOptimizer
resources/lupos/q2.sparql,1024,0,96398,5000.03317,19279.47209998209,22262,NoOptimizer
resources/lupos/persistence-import.sparql,32768,0,1,311.35684000000003,3.211748937328629,680620
resources/lupos/q2.sparql,32768,0,6247,5000.4213310000005,1249.2947266807025,680620,WithOptimizer
resources/lupos/q2.sparql,32768,0,9533,5000.267761,1906.4979028430073,680620,NoOptimizer
resources/lupos/persistence-import.sparql,2097152,0,1,4843.170919,0.20647629760018385,46752468
resources/lupos/q2.sparql,2097152,0,171,5014.891409,34.098445221189436,46752468,WithOptimizer
resources/lupos/q2.sparql,2097152,0,197,5005.991694,39.35284196258596,46752468,NoOptimizer
