resources/lupos/persistence-import.sparql,1024,0,1,124.922388,8.004970254010834,22261
resources/lupos/q2.sparql,1024,0,20372,5000.039014,4074.3682085197424,22261,WithOptimizer
resources/lupos/q2.sparql,1024,0,78329,5000.031816,15665.70031601575,22261,NoOptimizer
