resources/lupos/persistence-import.sparql,1024,0,1,131.178549,7.623197600699181,22266
resources/lupos/q2.sparql,1024,0,20769,5000.091315,4153.724140536022,22266,WithOptimizer
resources/lupos/q2.sparql,1024,0,82477,5000.037419,16495.276552649335,22266,NoOptimizer
