resources/lupos/persistence-import.sparql,1024,0,1,137.059694,7.296091001049513,23599
resources/lupos/q2.sparql,1024,0,17705,5000.016831,3540.988080325924,23599,WithOptimizer
resources/lupos/q2.sparql,1024,0,69585,5000.042211,13916.882510894466,23599,NoOptimizer
