resources/lupos/persistence-import.sparql,1024,0,1,133.852902,7.470887706267288,39657
resources/lupos/q2.sparql,1024,0,22740,5000.060487,4547.944981690379,39657,WithOptimizer
resources/lupos/q2.sparql,1024,0,77993,5000.025481,15598.520506819794,39657,NoOptimizer
resources/lupos/persistence-import.sparql,32768,0,1,356.42781299999996,2.805617192393457,1261796
resources/lupos/q2.sparql,32768,0,3536,5000.805191,707.0861321220381,1261796,WithOptimizer
resources/lupos/q2.sparql,32768,0,5112,5000.120578999999,1022.3753446006647,1261796,NoOptimizer
resources/lupos/persistence-import.sparql,2097152,0,1,10120.193157,0.09881234325140462,86939298
resources/lupos/q2.sparql,2097152,0,52,5068.433999,10.259579193545695,86939298,WithOptimizer
resources/lupos/q2.sparql,2097152,0,67,5023.004113,13.338631323553528,86939298,NoOptimizer
