resources/lupos/persistence-import.sparql,1024,0,1,126.7954,7.886721442575992,23981
resources/lupos/q2.sparql,1024,0,19846,5000.094312,3969.1251327740956,23981,WithOptimizer
resources/lupos/q2.sparql,1024,0,74043,5000.007471,14808.577873022941,23981,NoOptimizer
resources/lupos/persistence-import.sparql,32768,0,1,279.335609,3.579923102464176,738786
resources/lupos/q2.sparql,32768,0,6848,5000.386553,1369.494123587609,738786,WithOptimizer
resources/lupos/q2.sparql,32768,0,14274,5000.3203650000005,2854.6170961188004,738786,NoOptimizer
resources/lupos/persistence-import.sparql,2097152,0,1,5331.9793070000005,0.187547614576667,50784259
resources/lupos/q2.sparql,2097152,0,89,5015.336120999999,17.745570357157725,50784259,WithOptimizer
resources/lupos/q2.sparql,2097152,0,96,5031.28739,19.080603543102313,50784259,NoOptimizer
