resources/lupos/persistence-import.sparql,1024,0,1,117.863066,8.484422083504938,24170
resources/lupos/q2.sparql,1024,0,23028,5000.079735,4605.526555668017,24170,WithOptimizer
resources/lupos/q2.sparql,1024,0,96939,5000.031788,19387.67674090635,24170,NoOptimizer
resources/lupos/persistence-import.sparql,32768,0,1,303.037716,3.299919274734766,745728
resources/lupos/q2.sparql,32768,0,6940,5000.421507999999,1387.8829992425513,745728,WithOptimizer
resources/lupos/q2.sparql,32768,0,10950,5000.306764,2189.865645611018,745728,NoOptimizer
resources/lupos/persistence-import.sparql,2097152,0,1,5117.456336,0.1954095813119606,51264587
resources/lupos/q2.sparql,2097152,0,200,5016.198973,39.87082671092441,51264587,WithOptimizer
resources/lupos/q2.sparql,2097152,0,248,5006.922420999999,49.53142452534118,51264587,NoOptimizer
