resources/lupos/persistence-import.sparql,1024,0,1,118.300089,8.453079016703022,22259
resources/lupos/q2.sparql,1024,0,25154,5000.135972,5030.663194132833,22259,WithOptimizer
resources/lupos/q2.sparql,1024,0,100380,5000.033629,20075.86497374736,22259,NoOptimizer
resources/lupos/persistence-import.sparql,32768,0,1,290.823848,3.4385075600815243,680661
resources/lupos/q2.sparql,32768,0,3445,5001.126446,688.8448107036725,680661,WithOptimizer
resources/lupos/q2.sparql,32768,0,4433,5000.09846,886.5825414165944,680661,NoOptimizer
resources/lupos/persistence-import.sparql,2097152,0,1,4845.800289999999,0.20636426186684637,46763736
resources/lupos/q2.sparql,2097152,0,65,5038.878099,12.899696861668414,46763736,WithOptimizer
resources/lupos/q2.sparql,2097152,0,69,5047.45114,13.670266058286204,46763736,NoOptimizer
