resources/lupos/persistence-import.sparql,1024,0,1,120.781523,8.279412075305592,27118
resources/lupos/q2.sparql,1024,0,24164,5000.146277,4832.658618639049,27118,WithOptimizer
resources/lupos/q2.sparql,1024,0,82957,5000.050408,16591.23273382807,27118,NoOptimizer
resources/lupos/persistence-import.sparql,32768,0,1,335.19827699999996,2.9833088909344245,843302
resources/lupos/q2.sparql,32768,0,3070,5000.044219,613.9945699548222,843302,WithOptimizer
resources/lupos/q2.sparql,32768,0,3772,5000.486447,754.3266120165129,843302,NoOptimizer
resources/lupos/persistence-import.sparql,2097152,0,1,5419.082068,0.18453309757109218,57991502
resources/lupos/q2.sparql,2097152,0,56,5048.219028,11.093021061367466,57991502,WithOptimizer
resources/lupos/q2.sparql,2097152,0,59,5039.400783,11.70774116617825,57991502,NoOptimizer
