resources/lupos/persistence-import.sparql,1024,0,1,175.643793,5.693340953984067,95196
resources/lupos/q2.sparql,1024,0,19739,5000.1333939999995,3947.694680243165,95196,WithOptimizer
resources/lupos/q2.sparql,1024,0,59211,5000.061357,11842.054681410184,95196,NoOptimizer
resources/lupos/persistence-import.sparql,32768,0,1,472.17917,2.117840141063402,3184950
resources/lupos/q2.sparql,32768,0,2560,5000.307796,511.96848362972247,3184950,WithOptimizer
resources/lupos/q2.sparql,32768,0,3598,5000.434864,719.5374198158938,3184950,NoOptimizer
resources/lupos/persistence-import.sparql,2097152,0,1,24291.138037,0.041167276661834895,215596578
resources/lupos/q2.sparql,2097152,0,29,5035.4360910000005,5.7591834105158535,215596578,WithOptimizer
resources/lupos/q2.sparql,2097152,0,34,5059.6260219999995,6.719864245334139,215596578,NoOptimizer
