resources/lupos/persistence-import.sparql,1024,0,1,115.972276,8.622750492540131,22260
resources/lupos/q2.sparql,1024,0,22116,5000.096227,4423.1148753849775,22260,WithOptimizer
resources/lupos/q2.sparql,1024,0,86908,5000.040433,17381.45944309007,22260,NoOptimizer
resources/lupos/persistence-import.sparql,32768,0,1,290.645731,3.440614787491924,680550
resources/lupos/q2.sparql,32768,0,6021,5000.640316,1204.0458060411318,680550,WithOptimizer
resources/lupos/q2.sparql,32768,0,9378,5000.0580039999995,1875.578241791933,680550,NoOptimizer
resources/lupos/persistence-import.sparql,2097152,0,1,4750.633684,0.2104982338183581,46734066
resources/lupos/q2.sparql,2097152,0,81,5008.783252,16.171592166152692,46734066,WithOptimizer
resources/lupos/q2.sparql,2097152,0,86,5050.5139039999995,17.02797015010455,46734066,NoOptimizer
