resources/lupos/persistence-import.sparql,32,0,1,135.417688,7.384559689130123,36487
resources/lupos/q2.sparql,32,0,22786,5000.04503,4557.158958226422,36487,WithOptimizer
resources/lupos/q2.sparql,32,0,81593,5000.052818,16318.427618658006,36487,NoOptimizer
