resources/lupos/persistence-import.sparql,1024,0,1,117.077516,8.541349647356713,23163
resources/lupos/q2.sparql,1024,0,23626,5000.035923,4725.166051571985,23163,WithOptimizer
resources/lupos/q2.sparql,1024,0,96111,5000.011785,19222.154693381388,23163,NoOptimizer
resources/lupos/persistence-import.sparql,32768,0,1,286.901542,3.485516296039984,711956
resources/lupos/q2.sparql,32768,0,6271,5000.152755,1254.1616841063887,711956,WithOptimizer
resources/lupos/q2.sparql,32768,0,10288,5000.389397,2057.4397678253454,711956,NoOptimizer
resources/lupos/persistence-import.sparql,2097152,0,1,5148.105173,0.19424622582394938,48926455
resources/lupos/q2.sparql,2097152,0,210,5004.826399,41.95949734479492,48926455,WithOptimizer
resources/lupos/q2.sparql,2097152,0,247,5011.5714880000005,49.28593767273025,48926455,NoOptimizer
