resources/lupos/persistence-import.sparql,1024,0,1,125.744892,7.952609319510172,23163
resources/lupos/q2.sparql,1024,0,20214,5000.065958,4042.746669703032,23163,WithOptimizer
resources/lupos/q2.sparql,1024,0,78352,5000.041048,15670.271353340298,23163,NoOptimizer
