resources/lupos/persistence-import.sparql,1024,0,1,143.588663,6.964338124660998,56292
resources/lupos/q2.sparql,1024,0,20303,5000.124106,4060.4992135369207,56292,WithOptimizer
resources/lupos/q2.sparql,1024,0,56587,5000.052151,11317.281958485715,56292,NoOptimizer
resources/lupos/persistence-import.sparql,32768,0,1,389.129962,2.569835524513016,1830051
resources/lupos/q2.sparql,32768,0,2410,5000.313682,481.96976295216353,1830051,WithOptimizer
resources/lupos/q2.sparql,32768,0,3180,5000.977272,635.8757152935927,1830051,NoOptimizer
resources/lupos/persistence-import.sparql,2097152,0,1,12013.796805,0.08323763221830187,125536565
resources/lupos/q2.sparql,2097152,0,44,5045.334912,8.720927503811266,125536565,WithOptimizer
resources/lupos/q2.sparql,2097152,0,50,5027.147116,9.945998962485904,125536565,NoOptimizer
