resources/lupos/persistence-import.sparql,1024,0,1,123.764376,8.079869444823121,22259
resources/lupos/q2.sparql,1024,0,22526,5000.057898,4505.147832190162,22259,WithOptimizer
resources/lupos/q2.sparql,1024,0,90668,5000.033025,18133.480228363092,22259,NoOptimizer
resources/lupos/persistence-import.sparql,32768,0,1,277.57756099999995,3.6025966810768257,680640
resources/lupos/q2.sparql,32768,0,6900,5000.119947,1379.966895422159,680640,WithOptimizer
resources/lupos/q2.sparql,32768,0,11269,5000.402946,2253.618382697433,680640,NoOptimizer
resources/lupos/persistence-import.sparql,2097152,0,1,4639.047059,0.21556151237137083,46755406
resources/lupos/q2.sparql,2097152,0,171,5006.115423,34.15822160519131,46755406,WithOptimizer
resources/lupos/q2.sparql,2097152,0,192,5024.8158619999995,38.21035541859226,46755406,NoOptimizer
