resources/lupos/persistence-import.sparql,1024,0,1,145.256541,6.884371561622138,22263
resources/lupos/q2.sparql,1024,0,21174,5000.013902,4234.788225594817,22263,WithOptimizer
resources/lupos/q2.sparql,1024,0,87735,5000.010833,17546.961982752167,22263,NoOptimizer
resources/lupos/persistence-import.sparql,32768,0,1,273.1777,3.660620907197037,680599
resources/lupos/q2.sparql,32768,0,6890,5000.0858069999995,1377.976351996633,680599,WithOptimizer
resources/lupos/q2.sparql,32768,0,10448,5000.441884,2089.4153441580124,680599,NoOptimizer
resources/lupos/persistence-import.sparql,2097152,0,1,5028.67012,0.19885973351538916,46746609
resources/lupos/q2.sparql,2097152,0,113,5024.263791,22.490857307774665,46746609,WithOptimizer
resources/lupos/q2.sparql,2097152,0,119,5027.735751,23.66870613204588,46746609,NoOptimizer
