resources/lupos/persistence-import.sparql,1024,0,1,123.446422,8.100680309713635,22261
resources/lupos/q2.sparql,1024,0,22899,5000.0914840000005,4579.716205848525,22261,WithOptimizer
resources/lupos/q2.sparql,1024,0,111065,5000.032080000001,22212.85748230639,22261,NoOptimizer
resources/lupos/persistence-import.sparql,32768,0,1,287.98761499999995,3.472371546255557,680666
resources/lupos/q2.sparql,32768,0,6045,5000.135617,1208.9672086988116,680666,WithOptimizer
resources/lupos/q2.sparql,32768,0,9559,5000.380932,1911.6543579364247,680666,NoOptimizer
resources/lupos/persistence-import.sparql,2097152,0,1,4627.089788,0.21611856389591202,46764355
resources/lupos/q2.sparql,2097152,0,141,5011.458074,28.13552421630017,46764355,WithOptimizer
resources/lupos/q2.sparql,2097152,0,160,5004.960659,31.968283249596666,46764355,NoOptimizer
