resources/lupos/persistence-import.sparql,1024,0,1,115.811276,8.634737778038124,23975
resources/lupos/q2.sparql,1024,0,24550,5000.058211,4909.942837463498,23975,WithOptimizer
resources/lupos/q2.sparql,1024,0,92240,5000.012174,18447.955082918965,23975,NoOptimizer
resources/lupos/persistence-import.sparql,32768,0,1,314.893783,3.1756740017950755,738711
resources/lupos/q2.sparql,32768,0,3317,5000.4956250000005,663.3342469927668,738711,WithOptimizer
resources/lupos/q2.sparql,32768,0,4150,5000.644928,829.8929557591657,738711,NoOptimizer
resources/lupos/persistence-import.sparql,2097152,0,1,5064.18952,0.1974649637519885,50764649
resources/lupos/q2.sparql,2097152,0,60,5070.461645,11.833242059757263,50764649,WithOptimizer
resources/lupos/q2.sparql,2097152,0,64,5045.4758679999995,12.68463107829099,50764649,NoOptimizer
