resources/lupos/persistence-import.sparql,1024,0,1,161.501745,6.191883561381953,95196
resources/lupos/q2.sparql,1024,0,17813,5000.128759,3562.508258999816,95196,WithOptimizer
resources/lupos/q2.sparql,1024,0,53429,5000.0366859999995,10685.7215967235,95196,NoOptimizer
resources/lupos/persistence-import.sparql,32768,0,1,492.700245,2.0296316272381802,3184950
resources/lupos/q2.sparql,32768,0,2949,5000.889929000001,589.6950426560768,3184950,WithOptimizer
resources/lupos/q2.sparql,32768,0,3938,5000.475877999999,787.5250468311528,3184950,NoOptimizer
resources/lupos/persistence-import.sparql,2097152,0,1,26553.829219,0.037659351943277256,215596578
resources/lupos/q2.sparql,2097152,0,20,5144.991993,3.887275243034572,215596578,WithOptimizer
resources/lupos/q2.sparql,2097152,0,26,5211.650115,4.988823007355704,215596578,NoOptimizer
