resources/lupos/persistence-import.sparql,1024,0,1,127.973006,7.814147930540914,23453
resources/lupos/q2.sparql,1024,0,18045,5000.100483,3608.92747282815,23453,WithOptimizer
resources/lupos/q2.sparql,1024,0,66314,5000.007078000001,13262.781225206896,23453,NoOptimizer
