resources/lupos/persistence-import.sparql,1024,0,1,145.296338,6.882485916472307,56292
resources/lupos/q2.sparql,1024,0,15195,5000.078138,3038.9525084657785,56292,WithOptimizer
resources/lupos/q2.sparql,1024,0,51669,5000.075822000001,10333.643296499595,56292,NoOptimizer
