resources/lupos/persistence-import.sparql,32,0,1,154.783289,6.46064576131342,40039
resources/lupos/q2.sparql,32,0,22105,5000.152355,4420.865291813693,40039,WithOptimizer
resources/lupos/q2.sparql,32,0,78723,5000.019609,15744.53825306988,40039,NoOptimizer
