resources/lupos/persistence-import.sparql,1024,0,1,135.505658,7.379765647866896,23453
resources/lupos/q2.sparql,1024,0,17173,5000.084264,3434.542118348588,23453,WithOptimizer
resources/lupos/q2.sparql,1024,0,69619,5000.010773999999,13923.769997060412,23453,NoOptimizer
