resources/lupos/persistence-import.sparql,1024,0,1,161.130152,6.206163077410863,46567
resources/lupos/q2.sparql,1024,0,21372,5000.070196000001,4274.339991685989,46567,WithOptimizer
resources/lupos/q2.sparql,1024,0,60604,5000.004669,12120.78868160753,46567,NoOptimizer
resources/lupos/persistence-import.sparql,32768,0,1,363.751471,2.749129776027765,1494309
resources/lupos/q2.sparql,32768,0,2817,5000.441326,563.3502757752386,1494309,WithOptimizer
resources/lupos/q2.sparql,32768,0,3468,5000.070873000001,693.5901686367956,1494309,NoOptimizer
resources/lupos/persistence-import.sparql,2097152,0,1,11317.341568,0.08835997340820032,103021399
resources/lupos/q2.sparql,2097152,0,43,5031.970517000001,8.545360084032463,103021399,WithOptimizer
resources/lupos/q2.sparql,2097152,0,51,5027.050244999999,10.14511443380252,103021399,NoOptimizer
