resources/lupos/persistence-import.sparql,1024,0,1,116.939288,8.55144594347111,23163
resources/lupos/q2.sparql,1024,0,19324,5000.094776,3864.7267433316347,23163,WithOptimizer
resources/lupos/q2.sparql,1024,0,76262,5000.031182,15252.304880525844,23163,NoOptimizer
