resources/lupos/persistence-import.sparql,1024,0,1,127.224254,7.860136479951377,23163
resources/lupos/q2.sparql,1024,0,19052,5000.083422000001,3810.33642682292,23163,WithOptimizer
resources/lupos/q2.sparql,1024,0,63501,5000.021319,12700.14584911813,23163,NoOptimizer
