resources/lupos/persistence-import.sparql,1024,0,1,127.410938,7.848619715836328,24450
resources/lupos/q2.sparql,1024,0,23015,5000.068117,4602.9372923440915,24450,WithOptimizer
resources/lupos/q2.sparql,1024,0,91672,5000.036945,18334.2645281194,24450,NoOptimizer
resources/lupos/persistence-import.sparql,32768,0,1,284.302379,3.517381752194202,754522
resources/lupos/q2.sparql,32768,0,5083,5000.430112,1016.5125571502037,754522,WithOptimizer
resources/lupos/q2.sparql,32768,0,8239,5000.352124,1647.6839621865,754522,NoOptimizer
resources/lupos/persistence-import.sparql,2097152,0,1,5068.746733,0.19728742678925243,51851110
resources/lupos/q2.sparql,2097152,0,120,5000.1641230000005,23.999212235458057,51851110,WithOptimizer
resources/lupos/q2.sparql,2097152,0,150,5019.482317999999,29.88355979701252,51851110,NoOptimizer
