resources/lupos/persistence-import.sparql,1024,0,1,125.501482,7.968033397406415,22261
resources/lupos/q2.sparql,1024,0,21251,5000.142257,4250.079079300083,22261,WithOptimizer
resources/lupos/q2.sparql,1024,0,87162,5000.0012910000005,17432.39549895548,22261,NoOptimizer
