resources/lupos/persistence-import.sparql,1024,0,1,116.158739,8.60890888286933,23453
resources/lupos/q2.sparql,1024,0,22391,5000.148166,4478.0673005360695,23453,WithOptimizer
resources/lupos/q2.sparql,1024,0,91379,5000.028909,18275.6943335905,23453,NoOptimizer
resources/lupos/persistence-import.sparql,32768,0,1,291.932084,3.4254542573676146,721328
resources/lupos/q2.sparql,32768,0,6264,5000.282834,1252.7291371214462,721328,WithOptimizer
resources/lupos/q2.sparql,32768,0,9827,5000.121934,1965.3520713521063,721328,NoOptimizer
resources/lupos/persistence-import.sparql,2097152,0,1,5066.287061,0.19738320943121151,49569752
resources/lupos/q2.sparql,2097152,0,200,5000.487864,39.996097468780896,49569752,WithOptimizer
resources/lupos/q2.sparql,2097152,0,232,5020.522846999999,46.21032650785187,49569752,NoOptimizer
