resources/lupos/persistence-import.sparql,1024,0,1,125.053055,7.996605920583068,22261
resources/lupos/q2.sparql,1024,0,19343,5000.104045,3868.5194999777254,22261,WithOptimizer
resources/lupos/q2.sparql,1024,0,76986,5000.022058,15397.132074012143,22261,NoOptimizer
