resources/lupos/persistence-import.sparql,1024,0,1,109.71456,9.114560546931965,15466
