resources/lupos/persistence-import.sparql,1024,0,1,126.109803,7.929597669738649,23453
resources/lupos/q2.sparql,1024,0,24460,5000.154603999999,4891.848740123477,23453,WithOptimizer
resources/lupos/q2.sparql,1024,0,98598,5000.019491,19719.523129354937,23453,NoOptimizer
resources/lupos/persistence-import.sparql,32768,0,1,290.409494,3.4434135958378826,721328
resources/lupos/q2.sparql,32768,0,4201,5000.670922,840.0872733932721,721328,WithOptimizer
resources/lupos/q2.sparql,32768,0,6273,5000.665846999999,1254.4329479169858,721328,NoOptimizer
resources/lupos/persistence-import.sparql,2097152,0,1,4890.945326999999,0.20445945173003569,49569752
resources/lupos/q2.sparql,2097152,0,88,5014.877823,17.547785430863527,49569752,WithOptimizer
resources/lupos/q2.sparql,2097152,0,94,5004.261213999999,18.783991478507183,49569752,NoOptimizer
