resources/lupos/persistence-import.sparql,1024,0,1,151.416761,6.604288675809146,30264
resources/lupos/q2.sparql,1024,0,22668,5000.0188610000005,4533.582898418591,30264,WithOptimizer
resources/lupos/q2.sparql,1024,0,84481,5000.00402,16896.18641546612,30264,NoOptimizer
resources/lupos/persistence-import.sparql,32768,0,1,358.95986400000004,2.7858267742156264,951799
resources/lupos/q2.sparql,32768,0,4941,5000.1078290000005,988.1786891360258,951799,WithOptimizer
resources/lupos/q2.sparql,32768,0,6980,5000.413666,1395.8845140073256,951799,NoOptimizer
resources/lupos/persistence-import.sparql,2097152,0,1,5746.225027,0.17402729536369754,65496511
resources/lupos/q2.sparql,2097152,0,76,5042.368018,15.072283444742409,65496511,WithOptimizer
resources/lupos/q2.sparql,2097152,0,99,5043.8912,19.62770330969867,65496511,NoOptimizer
