resources/lupos/persistence-import.sparql,1024,0,1,124.703205,8.019040088023399,22261
resources/lupos/q2.sparql,1024,0,25239,5000.167968999999,5047.63043091283,22261,WithOptimizer
resources/lupos/q2.sparql,1024,0,103328,5000.036733,20665.448179218405,22261,NoOptimizer
resources/lupos/persistence-import.sparql,32768,0,1,318.808331,3.1366808918177234,680656
resources/lupos/q2.sparql,32768,0,3467,5000.424754,693.3411001188721,680656,WithOptimizer
resources/lupos/q2.sparql,32768,0,4260,5001.116994,851.8097067336873,680656,NoOptimizer
resources/lupos/persistence-import.sparql,2097152,0,1,5234.320278,0.19104677338966608,46761582
resources/lupos/q2.sparql,2097152,0,65,5024.582406,12.936398440272688,46761582,WithOptimizer
resources/lupos/q2.sparql,2097152,0,70,5066.554927,13.816094172188967,46761582,NoOptimizer
