resources/lupos/persistence-import.sparql,1024,0,1,125.356844,7.977226995280769,22260
resources/lupos/q2.sparql,1024,0,18684,5000.116824,3736.712692455283,22260,WithOptimizer
resources/lupos/q2.sparql,1024,0,70006,5000.054416,14001.0476237985,22260,NoOptimizer
