resources/lupos/persistence-import.sparql,1024,0,1,117.841757,8.485956298156689,22263
resources/lupos/q2.sparql,1024,0,18131,5000.172794,3626.0746872100995,22263,WithOptimizer
resources/lupos/q2.sparql,1024,0,59131,5000.048717000001,11826.084773725615,22263,NoOptimizer
