resources/lupos/persistence-import.sparql,1024,0,1,133.516151,7.489730586975953,34460
resources/lupos/q2.sparql,1024,0,16034,5000.168361,3206.692023624842,34460,WithOptimizer
resources/lupos/q2.sparql,1024,0,56305,5000.055223,11260.875628133037,34460,NoOptimizer
