resources/lupos/persistence-import.sparql,1024,0,1,140.982512,7.093078324494601,46567
resources/lupos/q2.sparql,1024,0,17741,5000.016463999999,3548.1883165255117,46567,WithOptimizer
resources/lupos/q2.sparql,1024,0,62951,5000.070801,12590.021722774401,46567,NoOptimizer
