resources/lupos/persistence-import.sparql,1024,0,1,125.586429,7.962643798081081,23599
resources/lupos/q2.sparql,1024,0,19331,5000.10591,3866.1181078862387,23599,WithOptimizer
resources/lupos/q2.sparql,1024,0,71805,5000.041705000001,14360.880215898118,23599,NoOptimizer
resources/lupos/persistence-import.sparql,32768,0,1,284.936703,3.509551382715339,725838
resources/lupos/q2.sparql,32768,0,5693,5000.567785,1138.4707186805988,725838,WithOptimizer
resources/lupos/q2.sparql,32768,0,11691,5000.220773999999,2338.096761805102,725838,NoOptimizer
resources/lupos/persistence-import.sparql,2097152,0,1,5229.650175,0.191217379085973,49879538
resources/lupos/q2.sparql,2097152,0,110,5036.439593,21.84082583912766,49879538,WithOptimizer
resources/lupos/q2.sparql,2097152,0,129,5014.639362999999,25.72468141015548,49879538,NoOptimizer
