resources/lupos/persistence-import.sparql,1024,0,1,118.761612,8.420229257245177,23071
resources/lupos/q2.sparql,1024,0,24017,5000.089446999999,4803.314071593248,23071,WithOptimizer
resources/lupos/q2.sparql,1024,0,102613,5000.026878,20522.48967930448,23071,NoOptimizer
resources/lupos/persistence-import.sparql,32768,0,1,288.49359400000003,3.466281473133854,708685
resources/lupos/q2.sparql,32768,0,6559,5000.385843,1311.6987780416769,708685,WithOptimizer
resources/lupos/q2.sparql,32768,0,11067,5000.534106,2213.163587209818,708685,NoOptimizer
resources/lupos/persistence-import.sparql,2097152,0,1,5001.946184,0.19992218292926758,48704636
resources/lupos/q2.sparql,2097152,0,212,5019.447816999999,42.235721483545014,48704636,WithOptimizer
resources/lupos/q2.sparql,2097152,0,247,5015.997707,49.242446752976555,48704636,NoOptimizer
