resources/lupos/persistence-import.sparql,1024,0,1,126.39158,7.911919449064565,24170
resources/lupos/q2.sparql,1024,0,20954,5000.185614,4190.644431544896,24170,WithOptimizer
resources/lupos/q2.sparql,1024,0,79948,5000.023755,15989.524033771315,24170,NoOptimizer
