resources/lupos/persistence-import.sparql,1024,0,1,118.602105,8.431553554635476,23975
resources/lupos/q2.sparql,1024,0,18506,5000.042883,3701.168256560331,23975,WithOptimizer
resources/lupos/q2.sparql,1024,0,65210,5000.023406,13041.938948075394,23975,NoOptimizer
