resources/lupos/persistence-import.sparql,2,0,1,92.461901,10.815265414021717,142
resources/lupos/persistence-store.sparql,2,0,1,37.192035999999995,26.88747666301463,142
