resources/lupos/persistence-import.sparql,1024,0,1,115.379397,8.667058643060859,23071
resources/lupos/q2.sparql,1024,0,25268,5000.041853,5053.557698689928,23071,WithOptimizer
resources/lupos/q2.sparql,1024,0,105729,5000.02144,21145.709327198405,23071,NoOptimizer
resources/lupos/persistence-import.sparql,32768,0,1,279.555047,3.5771130256145938,708685
resources/lupos/q2.sparql,32768,0,4656,5000.2685519999995,931.1499875617081,708685,WithOptimizer
resources/lupos/q2.sparql,32768,0,6709,5000.523346,1341.6595695661813,708685,NoOptimizer
resources/lupos/persistence-import.sparql,2097152,0,1,5227.215201,0.19130645315859457,48704636
resources/lupos/q2.sparql,2097152,0,99,5013.398756,19.747082731354155,48704636,WithOptimizer
resources/lupos/q2.sparql,2097152,0,109,5034.13999,21.652159100962944,48704636,NoOptimizer
