resources/lupos/persistence-import.sparql,1024,0,1,142.110282,7.036788513304055,56292
resources/lupos/q2.sparql,1024,0,21878,5000.046402999999,4375.559392183505,56292,WithOptimizer
resources/lupos/q2.sparql,1024,0,66431,5000.033710000001,13286.110425043513,56292,NoOptimizer
resources/lupos/persistence-import.sparql,32768,0,1,376.631392,2.6551159070670347,1830051
resources/lupos/q2.sparql,32768,0,2665,5000.1127209999995,532.9879842122864,1830051,WithOptimizer
resources/lupos/q2.sparql,32768,0,3246,5000.143144,649.1814147151144,1830051,NoOptimizer
resources/lupos/persistence-import.sparql,2097152,0,1,12114.323314,0.08254691360633765,125536565
resources/lupos/q2.sparql,2097152,0,41,5034.1700390000005,8.14434150661791,125536565,WithOptimizer
resources/lupos/q2.sparql,2097152,0,50,5014.3704419999995,9.971341483110953,125536565,NoOptimizer
