resources/lupos/persistence-import.sparql,32,0,1,178.672919,5.596819068031233,47917
resources/lupos/q2.sparql,32,0,21872,5000.117867,4374.2968829498595,47917,WithOptimizer
resources/lupos/q2.sparql,32,0,73049,5000.062979,14609.615980199036,47917,NoOptimizer
