resources/lupos/persistence-import.sparql,1024,0,1,127.493874,7.843514112685916,22263
resources/lupos/q2.sparql,1024,0,22209,5000.038189,4441.766074679075,22263,WithOptimizer
resources/lupos/q2.sparql,1024,0,94532,5000.00177,18906.39330713677,22263,NoOptimizer
resources/lupos/persistence-import.sparql,32768,0,1,313.787656,3.186868510850535,680599
resources/lupos/q2.sparql,32768,0,5996,5000.043914,1199.1894677587427,680599,WithOptimizer
resources/lupos/q2.sparql,32768,0,9729,5000.216017,1945.7159384560246,680599,NoOptimizer
resources/lupos/persistence-import.sparql,2097152,0,1,5012.683344,0.1994939499214455,46746609
resources/lupos/q2.sparql,2097152,0,140,5001.283913,27.99281193297054,46746609,WithOptimizer
resources/lupos/q2.sparql,2097152,0,134,5005.342098,26.77139691481683,46746609,NoOptimizer
