resources/lupos/persistence-import.sparql,1024,0,1,125.382476,7.975596206921293,22971
resources/lupos/q2.sparql,1024,0,23050,5000.172202,4609.841235223923,22971,WithOptimizer
resources/lupos/q2.sparql,1024,0,100501,5000.023515,20100.10546920398,22971,NoOptimizer
resources/lupos/persistence-import.sparql,32768,0,1,284.42027800000005,3.5159237134280557,705319
resources/lupos/q2.sparql,32768,0,6740,5000.3841600000005,1347.8964384208432,705319,WithOptimizer
resources/lupos/q2.sparql,32768,0,12023,5000.406478000001,2404.4045324908884,705319,NoOptimizer
resources/lupos/persistence-import.sparql,2097152,0,1,4664.811553,0.21437093195262888,48471675
resources/lupos/q2.sparql,2097152,0,201,5018.556898,40.05135422099184,48471675,WithOptimizer
resources/lupos/q2.sparql,2097152,0,250,5007.9980239999995,49.92014749245436,48471675,NoOptimizer
