resources/lupos/persistence-import.sparql,1024,0,1,125.822412,7.947709665588036,23599
resources/lupos/q2.sparql,1024,0,23201,5000.058641,4640.145579444616,23599,WithOptimizer
resources/lupos/q2.sparql,1024,0,92040,5000.029063999999,18407.89299859958,23599,NoOptimizer
resources/lupos/persistence-import.sparql,32768,0,1,312.92636600000003,3.195639960871817,725838
resources/lupos/q2.sparql,32768,0,5991,5000.489392,1198.0827335789695,725838,WithOptimizer
resources/lupos/q2.sparql,32768,0,9322,5000.358602,1864.2662940756823,725838,NoOptimizer
resources/lupos/persistence-import.sparql,2097152,0,1,4860.907272,0.2057229122144011,49879538
resources/lupos/q2.sparql,2097152,0,165,5013.697472999999,32.90984366100384,49879538,WithOptimizer
resources/lupos/q2.sparql,2097152,0,179,5001.36149,35.79025438531139,49879538,NoOptimizer
