resources/lupos/persistence-import.sparql,1024,0,1,125.537913,7.965721080610923,23453
resources/lupos/q2.sparql,1024,0,24609,5000.105668,4921.6959868456925,23453,WithOptimizer
resources/lupos/q2.sparql,1024,0,96125,5000.036518,19224.859589315503,23453,NoOptimizer
resources/lupos/persistence-import.sparql,32768,0,1,279.768463,3.5743842936292642,721328
resources/lupos/q2.sparql,32768,0,3228,5000.516455999999,645.5333220885216,721328,WithOptimizer
resources/lupos/q2.sparql,32768,0,4057,5001.149329999999,811.2135295908072,721328,NoOptimizer
resources/lupos/persistence-import.sparql,2097152,0,1,4954.526105,0.20183565063686348,49569752
resources/lupos/q2.sparql,2097152,0,55,5002.118741,10.995340744151278,49569752,WithOptimizer
resources/lupos/q2.sparql,2097152,0,56,5013.118541,11.17069136546476,49569752,NoOptimizer
