resources/lupos/persistence-import.sparql,1024,0,1,132.258273,7.560963691095528,30264
resources/lupos/q2.sparql,1024,0,22585,5000.105207,4516.904957996017,30264,WithOptimizer
resources/lupos/q2.sparql,1024,0,92989,5000.024858,18597.7075396372,30264,NoOptimizer
resources/lupos/persistence-import.sparql,32768,0,1,349.962674,2.8574475916823063,951799
resources/lupos/q2.sparql,32768,0,4530,5000.452512,905.9180122456886,951799,WithOptimizer
resources/lupos/q2.sparql,32768,0,6424,5000.359083,1284.7077366583594,951799,NoOptimizer
resources/lupos/persistence-import.sparql,2097152,0,1,5779.34396,0.1730300198294479,65496511
resources/lupos/q2.sparql,2097152,0,88,5022.546078,17.520994060255983,65496511,WithOptimizer
resources/lupos/q2.sparql,2097152,0,104,5000.903515,20.796242056671634,65496511,NoOptimizer
