resources/lupos/persistence-import.sparql,1024,0,1,121.526437,8.228662212815472,24170
resources/lupos/q2.sparql,1024,0,19961,5000.031092,3992.175175057891,24170,WithOptimizer
resources/lupos/q2.sparql,1024,0,74958,5000.008261999999,14991.575227921094,24170,NoOptimizer
resources/lupos/persistence-import.sparql,32768,0,1,279.23184499999996,3.5812534204327595,745728
resources/lupos/q2.sparql,32768,0,6698,5000.127296,1339.5658957239477,745728,WithOptimizer
resources/lupos/q2.sparql,32768,0,13329,5000.248888,2665.6673094789357,745728,NoOptimizer
resources/lupos/persistence-import.sparql,2097152,0,1,4985.730420000001,0.20057241682954852,51264587
resources/lupos/q2.sparql,2097152,0,88,5006.532344,17.577036150672672,51264587,WithOptimizer
resources/lupos/q2.sparql,2097152,0,93,5022.341444000001,18.51725953660589,51264587,NoOptimizer
