resources/lupos/persistence-import.sparql,1024,0,1,124.993849,8.000393683372371,22261
resources/lupos/q2.sparql,1024,0,20736,5000.13225,4147.090309461315,22261,WithOptimizer
resources/lupos/q2.sparql,1024,0,76524,5000.0369390000005,15304.686932033883,22261,NoOptimizer
resources/lupos/persistence-import.sparql,32768,0,1,284.18255,3.518864898636458,680666
resources/lupos/q2.sparql,32768,0,6979,5000.3096,1395.7135774152866,680666,WithOptimizer
resources/lupos/q2.sparql,32768,0,14401,5000.1953730000005,2880.0874617344675,680666,NoOptimizer
resources/lupos/persistence-import.sparql,2097152,0,1,5052.831705,0.1979088278381518,46764355
resources/lupos/q2.sparql,2097152,0,131,5003.205217,26.18321542256259,46764355,WithOptimizer
resources/lupos/q2.sparql,2097152,0,196,5002.740926,39.17852291358091,46764355,NoOptimizer
