resources/lupos/persistence-import.sparql,1024,0,1,120.182809,8.320657574245914,22971
resources/lupos/q2.sparql,1024,0,20722,5000.191291,4144.241448781804,22971,WithOptimizer
resources/lupos/q2.sparql,1024,0,79050,5000.005298,15809.983247741751,22971,NoOptimizer
