resources/lupos/persistence-import.sparql,1024,0,1,120.511623,8.297954795613366,22260
resources/lupos/q2.sparql,1024,0,19250,5000.039274,3849.9697592575353,22260,WithOptimizer
resources/lupos/q2.sparql,1024,0,72094,5000.031857,14418.708132643005,22260,NoOptimizer
