resources/lupos/persistence-import.sparql,1024,0,1,125.960175,7.939017233026232,23981
resources/lupos/q2.sparql,1024,0,25052,5000.155104,5010.244578204988,23981,WithOptimizer
resources/lupos/q2.sparql,1024,0,104235,5000.020324,20846.915261458846,23981,NoOptimizer
resources/lupos/persistence-import.sparql,32768,0,1,322.542205,3.100369453975798,738786
resources/lupos/q2.sparql,32768,0,4736,5000.343034,947.1350200971032,738786,WithOptimizer
resources/lupos/q2.sparql,32768,0,6838,5000.528047000001,1367.4555838362644,738786,NoOptimizer
resources/lupos/persistence-import.sparql,2097152,0,1,5047.434744,0.1981204415151127,50784259
resources/lupos/q2.sparql,2097152,0,102,5043.967129000001,20.222177780175617,50784259,WithOptimizer
resources/lupos/q2.sparql,2097152,0,111,5015.50816,22.13135667593052,50784259,NoOptimizer
