resources/lupos/persistence-import.sparql,1024,0,1,176.9088,5.652630055712321,146185
resources/lupos/q2.sparql,1024,0,15575,5000.201927,3114.8742045592994,146185,WithOptimizer
resources/lupos/q2.sparql,1024,0,44134,5000.096257,8826.630075013774,146185,NoOptimizer
