resources/lupos/persistence-import.sparql,1024,0,1,125.938425,7.940388328661408,23316
resources/lupos/q2.sparql,1024,0,23995,5000.102225,4798.901886450932,23316,WithOptimizer
resources/lupos/q2.sparql,1024,0,101470,5000.004575,20293.98143100699,23316,NoOptimizer
resources/lupos/persistence-import.sparql,32768,0,1,272.099368,3.6751279775115098,716028
resources/lupos/q2.sparql,32768,0,4489,5000.125885,897.7773966584843,716028,WithOptimizer
resources/lupos/q2.sparql,32768,0,6420,5000.379573,1283.9025330527643,716028,NoOptimizer
resources/lupos/persistence-import.sparql,2097152,0,1,5244.204721,0.1906866823859068,49206171
resources/lupos/q2.sparql,2097152,0,87,5046.506263,17.23964966374203,49206171,WithOptimizer
resources/lupos/q2.sparql,2097152,0,100,5026.904199,19.892959173539246,49206171,NoOptimizer
