resources/lupos/persistence-import.sparql,1024,0,1,163.189412,6.127848539585399,95196
resources/lupos/q2.sparql,1024,0,18805,5000.058554,3760.955956196988,95196,WithOptimizer
resources/lupos/q2.sparql,1024,0,54302,5000.083655,10860.218297687661,95196,NoOptimizer
