resources/lupos/persistence-import.sparql,1024,0,1,151.297752,6.609483530198122,24450
resources/lupos/q2.sparql,1024,0,21717,5000.038079,4343.366921786197,24450,WithOptimizer
resources/lupos/q2.sparql,1024,0,89276,5000.003452,17855.187672778433,24450,NoOptimizer
resources/lupos/persistence-import.sparql,32768,0,1,290.15493799999996,3.446434539053063,754522
resources/lupos/q2.sparql,32768,0,5258,5000.183044,1051.5615035952271,754522,WithOptimizer
resources/lupos/q2.sparql,32768,0,7201,5000.147703,1440.1574568846293,754522,NoOptimizer
resources/lupos/persistence-import.sparql,2097152,0,1,4984.055379,0.20063982519404505,51851110
resources/lupos/q2.sparql,2097152,0,95,5014.985769,18.94322424347442,51851110,WithOptimizer
resources/lupos/q2.sparql,2097152,0,103,5004.0805900000005,20.583201678612454,51851110,NoOptimizer
