resources/lupos/persistence-import.sparql,32,0,1,112.841636,8.861977151766924,17427
