resources/lupos/persistence-import.sparql,1024,0,1,124.958873,8.002632994297251,23071
resources/lupos/q2.sparql,1024,0,25074,5000.1237200000005,5014.6759168591125,23071,WithOptimizer
resources/lupos/q2.sparql,1024,0,101305,5000.039249,20260.84095645066,23071,NoOptimizer
resources/lupos/persistence-import.sparql,32768,0,1,274.179296,3.6472484049269713,708685
resources/lupos/q2.sparql,32768,0,3445,5000.09214,688.9873033419741,708685,WithOptimizer
resources/lupos/q2.sparql,32768,0,4380,5000.386863,875.9322268461851,708685,NoOptimizer
resources/lupos/persistence-import.sparql,2097152,0,1,4877.223451,0.2050346903410721,48704636
resources/lupos/q2.sparql,2097152,0,67,5004.437924000001,13.388116910929236,48704636,WithOptimizer
resources/lupos/q2.sparql,2097152,0,71,5044.909729,14.073591761586108,48704636,NoOptimizer
