resources/lupos/persistence-import.sparql,1024,0,1,126.786079,7.887301254895658,23782
resources/lupos/q2.sparql,1024,0,19313,5000.0744030000005,3862.5425230497312,23782,WithOptimizer
resources/lupos/q2.sparql,1024,0,73544,5000.005529,14708.783735026946,23782,NoOptimizer
