resources/lupos/persistence-import.sparql,1024,0,1,125.047979,7.996930522163817,22262
resources/lupos/q2.sparql,1024,0,24160,5000.082203,4831.9205603268365,22262,WithOptimizer
resources/lupos/q2.sparql,1024,0,102504,5000.038109,20500.64374819348,22262,NoOptimizer
resources/lupos/persistence-import.sparql,32768,0,1,279.293453,3.5804634489588265,680620
resources/lupos/q2.sparql,32768,0,5261,5000.643389000001,1052.064622638901,680620,WithOptimizer
resources/lupos/q2.sparql,32768,0,8637,5000.0434399999995,1727.3849924791855,680620,NoOptimizer
resources/lupos/persistence-import.sparql,2097152,0,1,5009.309222,0.19962832312450926,46752468
resources/lupos/q2.sparql,2097152,0,122,5013.624255,24.333694308729164,46752468,WithOptimizer
resources/lupos/q2.sparql,2097152,0,142,5028.464685,28.239235809607756,46752468,NoOptimizer
