resources/lupos/persistence-import.sparql,1024,0,1,122.949333,8.13343167953583,22971
resources/lupos/q2.sparql,1024,0,23176,5000.040144,4635.162785205031,22971,WithOptimizer
resources/lupos/q2.sparql,1024,0,102771,5000.0199,20554.118194609586,22971,NoOptimizer
resources/lupos/persistence-import.sparql,32768,0,1,322.383169,3.1018989083763238,705319
resources/lupos/q2.sparql,32768,0,4843,5000.204004,968.5604819574877,705319,WithOptimizer
resources/lupos/q2.sparql,32768,0,6847,5000.663184999999,1369.2183909802757,705319,NoOptimizer
resources/lupos/persistence-import.sparql,2097152,0,1,4854.8006399999995,0.2059816816700428,48471675
resources/lupos/q2.sparql,2097152,0,102,5003.746275,20.384726641640118,48471675,WithOptimizer
resources/lupos/q2.sparql,2097152,0,111,5027.910353,22.076765933937086,48471675,NoOptimizer
