resources/lupos/persistence-import.sparql,1024,0,1,128.074337,7.807965463057599,23599
resources/lupos/q2.sparql,1024,0,18436,5000.1084980000005,3687.1199909710435,23599,WithOptimizer
resources/lupos/q2.sparql,1024,0,66773,5000.110393,13354.30515563819,23599,NoOptimizer
