resources/lupos/persistence-import.sparql,1024,0,1,117.111098,8.538900386708013,23316
resources/lupos/q2.sparql,1024,0,19318,5000.06028,3863.553420999957,23316,WithOptimizer
resources/lupos/q2.sparql,1024,0,74942,5000.00701,14988.37898629266,23316,NoOptimizer
resources/lupos/persistence-import.sparql,32768,0,1,290.49523,3.442397315783808,716028
resources/lupos/q2.sparql,32768,0,7049,5000.089319,1409.7748160646408,716028,WithOptimizer
resources/lupos/q2.sparql,32768,0,14104,5000.159638,2820.7099415012717,716028,NoOptimizer
resources/lupos/persistence-import.sparql,2097152,0,1,5100.459374,0.19606077152532184,49206171
resources/lupos/q2.sparql,2097152,0,81,5044.402045,16.057403687774453,49206171,WithOptimizer
resources/lupos/q2.sparql,2097152,0,88,5012.959555,17.5545002975792,49206171,NoOptimizer
