resources/lupos/persistence-import.sparql,1024,0,1,115.946494,8.624667857572303,22260
resources/lupos/q2.sparql,1024,0,23163,5000.151868999999,4632.459294607877,22260,WithOptimizer
resources/lupos/q2.sparql,1024,0,94162,5000.052384,18832.202698778765,22260,NoOptimizer
resources/lupos/persistence-import.sparql,32768,0,1,302.68487300000004,3.3037660259949626,680635
resources/lupos/q2.sparql,32768,0,6792,5000.504994,1358.2628170853898,680635,WithOptimizer
resources/lupos/q2.sparql,32768,0,10239,5000.276475,2047.6867731598782,680635,NoOptimizer
resources/lupos/persistence-import.sparql,2097152,0,1,4860.369698,0.20574566589275942,46756687
resources/lupos/q2.sparql,2097152,0,200,5011.005507,39.91214931227175,46756687,WithOptimizer
resources/lupos/q2.sparql,2097152,0,240,5005.823255,47.94416178403406,46756687,NoOptimizer
