resources/lupos/persistence-import.sparql,1024,0,1,125.727719,7.95369555698374,23782
resources/lupos/q2.sparql,1024,0,22386,5000.016075,4477.185605848277,23782,WithOptimizer
resources/lupos/q2.sparql,1024,0,90797,5000.01155,18159.3580518829,23782,NoOptimizer
