resources/lupos/persistence-import.sparql,1024,0,1,117.396043,8.51817467135583,24170
resources/lupos/q2.sparql,1024,0,23548,5000.085237,4709.519714933611,24170,WithOptimizer
resources/lupos/q2.sparql,1024,0,98505,5000.001295,19700.994897442324,24170,NoOptimizer
resources/lupos/persistence-import.sparql,32768,0,1,296.61965299999997,3.371320780285587,745728
resources/lupos/q2.sparql,32768,0,6597,5000.103592,1319.3726647093833,745728,WithOptimizer
resources/lupos/q2.sparql,32768,0,11344,5000.030685,2268.786076459849,745728,NoOptimizer
resources/lupos/persistence-import.sparql,2097152,0,1,5069.552406,0.19725607310350785,51264587
resources/lupos/q2.sparql,2097152,0,211,5003.043162,42.17433133550088,51264587,WithOptimizer
resources/lupos/q2.sparql,2097152,0,251,5004.450129000001,50.155360435204365,51264587,NoOptimizer
