resources/lupos/persistence-import.sparql,1024,0,1,135.955699,7.355337123455191,23981
resources/lupos/q2.sparql,1024,0,23768,5000.061888,4753.541162568906,23981,WithOptimizer
resources/lupos/q2.sparql,1024,0,100389,5000.027223,20077.690685005295,23981,NoOptimizer
resources/lupos/persistence-import.sparql,32768,0,1,302.129181,3.3098424875417773,738786
resources/lupos/q2.sparql,32768,0,5830,5000.433575,1165.8988990769667,738786,WithOptimizer
resources/lupos/q2.sparql,32768,0,11040,5000.30176,2207.866750825854,738786,NoOptimizer
resources/lupos/persistence-import.sparql,2097152,0,1,5015.1336759999995,0.1993964796562683,50784259
resources/lupos/q2.sparql,2097152,0,210,5012.71343,41.89347803989665,50784259,WithOptimizer
resources/lupos/q2.sparql,2097152,0,254,5011.242157,50.68603592528407,50784259,NoOptimizer
