resources/lupos/persistence-import.sparql,1024,0,1,127.296256,7.855690586846483,25973
resources/lupos/q2.sparql,1024,0,22807,5000.133857,4561.277888205144,25973,WithOptimizer
resources/lupos/q2.sparql,1024,0,98222,5000.021561,19644.315289783608,25973,NoOptimizer
resources/lupos/persistence-import.sparql,32768,0,1,299.05269899999996,3.3438922415477017,805780
resources/lupos/q2.sparql,32768,0,4886,5000.598255,977.083091031075,805780,WithOptimizer
resources/lupos/q2.sparql,32768,0,7476,5000.393764,1495.0822580859453,805780,NoOptimizer
resources/lupos/persistence-import.sparql,2097152,0,1,5364.721753999999,0.18640295729305778,55403670
resources/lupos/q2.sparql,2097152,0,108,5003.855299999999,21.583357936029845,55403670,WithOptimizer
resources/lupos/q2.sparql,2097152,0,119,5027.105312,23.67167437609471,55403670,NoOptimizer
