resources/lupos/persistence-import.sparql,1024,0,1,126.913874,7.879359194409273,22260
resources/lupos/q2.sparql,1024,0,18036,5000.135858000001,3607.101989267588,22260,WithOptimizer
resources/lupos/q2.sparql,1024,0,64831,5000.052444,12966.064001547902,22260,NoOptimizer
