resources/lupos/persistence-import.sparql,1024,0,1,130.177933,7.681793503358207,22259
resources/lupos/q2.sparql,1024,0,22883,5000.092361,4576.515461691089,22259,WithOptimizer
resources/lupos/q2.sparql,1024,0,99252,5000.004016,19850.384056171526,22259,NoOptimizer
resources/lupos/persistence-import.sparql,32768,0,1,274.02252100000004,3.649335085126087,680640
resources/lupos/q2.sparql,32768,0,6389,5000.340812,1277.7129080216782,680640,WithOptimizer
resources/lupos/q2.sparql,32768,0,10474,5000.135513,2094.7432270122154,680640,NoOptimizer
resources/lupos/persistence-import.sparql,2097152,0,1,4914.706823,0.20347093652060147,46755406
resources/lupos/q2.sparql,2097152,0,198,5015.892183,39.474532700496844,46755406,WithOptimizer
resources/lupos/q2.sparql,2097152,0,231,5014.167718999999,46.069460166775094,46755406,NoOptimizer
