resources/lupos/persistence-import.sparql,1024,0,1,116.352334,8.59458478933478,22259
resources/lupos/q2.sparql,1024,0,19355,5000.059208,3870.954161709199,22259,WithOptimizer
resources/lupos/q2.sparql,1024,0,71751,5000.059077000001,14350.030448650235,22259,NoOptimizer
