resources/lupos/persistence-import.sparql,1024,0,1,140.313631,7.126891328184644,56292
resources/lupos/q2.sparql,1024,0,17184,5000.078974,3436.7457172887443,56292,WithOptimizer
resources/lupos/q2.sparql,1024,0,56792,5000.074725,11358.230251248895,56292,NoOptimizer
