resources/lupos/persistence-import.sparql,1024,0,1,136.07774,7.348740506713295,23981
resources/lupos/q2.sparql,1024,0,22951,5000.055439,4590.14910534475,23981,WithOptimizer
resources/lupos/q2.sparql,1024,0,110110,5000.032700000001,22021.85597706191,23981,NoOptimizer
resources/lupos/persistence-import.sparql,32768,0,1,282.698913,3.5373323136902193,738786
resources/lupos/q2.sparql,32768,0,6000,5000.315646999999,1199.9242495020835,738786,WithOptimizer
resources/lupos/q2.sparql,32768,0,9293,5000.294944,1858.490369883269,738786,NoOptimizer
resources/lupos/persistence-import.sparql,2097152,0,1,5461.542958,0.1830984408051231,50784259
resources/lupos/q2.sparql,2097152,0,134,5027.929437,26.651129789910772,50784259,WithOptimizer
resources/lupos/q2.sparql,2097152,0,159,5016.104485,31.697904315085257,50784259,NoOptimizer
