resources/lupos/persistence-import.sparql,1024,0,1,117.311061,8.524345372683996,24450
resources/lupos/q2.sparql,1024,0,18952,5000.077057,3790.3415855296885,24450,WithOptimizer
resources/lupos/q2.sparql,1024,0,67077,5000.057197,13415.246537628756,24450,NoOptimizer
resources/lupos/persistence-import.sparql,32768,0,1,280.185977,3.569057990364736,754522
resources/lupos/q2.sparql,32768,0,5716,5000.667258,1143.0474584877888,754522,WithOptimizer
resources/lupos/q2.sparql,32768,0,9482,5000.0274039999995,1896.389606267846,754522,NoOptimizer
resources/lupos/persistence-import.sparql,2097152,0,1,5556.013224,0.17998517276387246,51851110
resources/lupos/q2.sparql,2097152,0,66,5011.848166,13.16879478666952,51851110,WithOptimizer
resources/lupos/q2.sparql,2097152,0,76,5014.368157,15.156445960974143,51851110,NoOptimizer
