resources/lupos/persistence-import.sparql,1024,0,1,124.344245,8.042189648584058,23163
resources/lupos/q2.sparql,1024,0,22954,5000.069630999999,4590.736068491363,23163,WithOptimizer
resources/lupos/q2.sparql,1024,0,96141,5000.049957,19228.007885282015,23163,NoOptimizer
resources/lupos/persistence-import.sparql,32768,0,1,294.282613,3.3980940627301006,711956
resources/lupos/q2.sparql,32768,0,7208,5000.409579,1441.4819198553494,711956,WithOptimizer
resources/lupos/q2.sparql,32768,0,11329,5000.279148,2265.673508354298,711956,NoOptimizer
resources/lupos/persistence-import.sparql,2097152,0,1,5052.406161000001,0.19792549690860056,48926455
resources/lupos/q2.sparql,2097152,0,212,5012.9127,42.290782362916474,48926455,WithOptimizer
resources/lupos/q2.sparql,2097152,0,243,5009.0869600000005,48.51183497920347,48926455,NoOptimizer
