resources/lupos/persistence-import.sparql,1024,0,1,137.517038,7.271826200910464,22262
resources/lupos/q2.sparql,1024,0,23128,5000.085586,4625.520824034951,22262,WithOptimizer
resources/lupos/q2.sparql,1024,0,96276,5000.019617999999,19255.124450593707,22262,NoOptimizer
resources/lupos/persistence-import.sparql,32768,0,1,286.085904,3.495453589352658,680620
resources/lupos/q2.sparql,32768,0,6414,5000.358503,1282.7080290646911,680620,WithOptimizer
resources/lupos/q2.sparql,32768,0,12726,5000.494888,2544.94810714423,680620,NoOptimizer
resources/lupos/persistence-import.sparql,2097152,0,1,4592.652182,0.21773911029433143,46752468
resources/lupos/q2.sparql,2097152,0,186,5011.378291,37.11553772223499,46752468,WithOptimizer
resources/lupos/q2.sparql,2097152,0,219,5003.877954,43.76605545004066,46752468,NoOptimizer
