resources/lupos/persistence-import.sparql,1024,0,1,128.711207,7.769331228476476,25973
resources/lupos/q2.sparql,1024,0,19139,5000.02656,3827.7796668344095,25973,WithOptimizer
resources/lupos/q2.sparql,1024,0,72554,5000.090434,14510.537550809428,25973,NoOptimizer
