resources/lupos/persistence-import.sparql,1024,0,1,124.976769,8.001487060367195,22260
resources/lupos/q2.sparql,1024,0,19962,5000.008134,3992.393505174246,22260,WithOptimizer
resources/lupos/q2.sparql,1024,0,75624,5000.067945,15124.594471885723,22260,NoOptimizer
