resources/lupos/persistence-import.sparql,32,0,1,147.270131,6.790243162070658,32679
resources/lupos/q2.sparql,32,0,23105,5000.135636999999,4620.874647685083,32679,WithOptimizer
resources/lupos/q2.sparql,32,0,85263,5000.009827000001,17052.56648488583,32679,NoOptimizer
