resources/lupos/persistence-import.sparql,1024,0,1,125.453454,7.971083841183042,23316
resources/lupos/q2.sparql,1024,0,23233,5000.005918,4646.594500290749,23316,WithOptimizer
resources/lupos/q2.sparql,1024,0,93142,5000.015355,18628.342792359283,23316,NoOptimizer
resources/lupos/persistence-import.sparql,32768,0,1,284.500029,3.514938130287502,716028
resources/lupos/q2.sparql,32768,0,6521,5000.51932,1304.0645546390967,716028,WithOptimizer
resources/lupos/q2.sparql,32768,0,10301,5000.289666,2060.0806529355177,716028,NoOptimizer
resources/lupos/persistence-import.sparql,2097152,0,1,4839.7796419999995,0.20662097739366458,49206171
resources/lupos/q2.sparql,2097152,0,209,5021.665986,41.61965383254783,49206171,WithOptimizer
resources/lupos/q2.sparql,2097152,0,253,5004.0193659999995,50.55935668814916,49206171,NoOptimizer
