resources/lupos/persistence-import.sparql,1024,0,1,147.377187,6.785310673625491,39657
resources/lupos/q2.sparql,1024,0,22067,5000.061271,4413.345917976452,39657,WithOptimizer
resources/lupos/q2.sparql,1024,0,77876,5000.029987,15575.106589855739,39657,NoOptimizer
resources/lupos/persistence-import.sparql,32768,0,1,376.508888,2.655979797215305,1261796
resources/lupos/q2.sparql,32768,0,4954,5000.133815,990.7734839292497,1261796,WithOptimizer
resources/lupos/q2.sparql,32768,0,6623,5000.058065,1324.5846175988358,1261796,NoOptimizer
resources/lupos/persistence-import.sparql,2097152,0,1,9495.364572,0.10531454505167788,86939298
resources/lupos/q2.sparql,2097152,0,54,5019.678051,10.75766203556468,86939298,WithOptimizer
resources/lupos/q2.sparql,2097152,0,69,5054.251248,13.651873762172736,86939298,NoOptimizer
