resources/lupos/persistence-import.sparql,1024,0,1,178.00695,5.617758183037235,146185
resources/lupos/q2.sparql,1024,0,17854,5000.115933,3570.717207208403,146185,WithOptimizer
resources/lupos/q2.sparql,1024,0,47339,5000.024533999999,9467.753543626914,146185,NoOptimizer
resources/lupos/persistence-import.sparql,32768,0,1,628.896316,1.590087228305532,4878545
resources/lupos/q2.sparql,32768,0,1909,5000.453961,381.76533868501707,4878545,WithOptimizer
resources/lupos/q2.sparql,32768,0,2412,5001.332998,482.2714266305689,4878545,NoOptimizer
resources/lupos/persistence-import.sparql,2097152,0,1,35267.709077,0.028354549421304904,328171850
resources/lupos/q2.sparql,2097152,0,16,5211.430984,3.0701740172944407,328171850,WithOptimizer
resources/lupos/q2.sparql,2097152,0,23,5107.689099,4.5030148770219816,328171850,NoOptimizer
