resources/lupos/persistence-import.sparql,32,0,1,131.151734,7.6247562232002215,19727
resources/lupos/q2.sparql,32,0,24167,5000.85065,4832.577833533181,19727,WithOptimizer
resources/lupos/q2.sparql,32,0,109791,5000.166025,21957.47090217869,19727,NoOptimizer
