resources/lupos/persistence-import.sparql,1024,0,1,126.636187,7.896637001554697,23316
resources/lupos/q2.sparql,1024,0,18001,5000.014686,3600.1894255236193,23316,WithOptimizer
resources/lupos/q2.sparql,1024,0,62780,5000.006297,12555.984186993515,23316,NoOptimizer
