resources/lupos/persistence-import.sparql,1024,0,1,118.960863,8.406125971026286,24450
resources/lupos/q2.sparql,1024,0,18930,5000.106781,3785.919147153509,24450,WithOptimizer
resources/lupos/q2.sparql,1024,0,71441,5000.084933,14287.957296184592,24450,NoOptimizer
