resources/lupos/persistence-import.sparql,1024,0,1,124.829048,8.010955911479835,22260
resources/lupos/q2.sparql,1024,0,23102,5000.103880000001,4620.304008563918,22260,WithOptimizer
resources/lupos/q2.sparql,1024,0,102196,5000.038552,20439.042406807424,22260,NoOptimizer
resources/lupos/persistence-import.sparql,32768,0,1,275.288919,3.63254722940737,680656
resources/lupos/q2.sparql,32768,0,7166,5000.399125000001,1433.0856039416653,680656,WithOptimizer
resources/lupos/q2.sparql,32768,0,12328,5000.267603,2465.4680466708614,680656,NoOptimizer
resources/lupos/persistence-import.sparql,2097152,0,1,4749.834826,0.21053363677535175,46758901
resources/lupos/q2.sparql,2097152,0,169,5018.110379000001,33.67801567443361,46758901,WithOptimizer
resources/lupos/q2.sparql,2097152,0,195,5012.072393,38.90606214553932,46758901,NoOptimizer
