resources/lupos/persistence-import.sparql,1024,0,1,143.946717,6.947014984718269,56292
resources/lupos/q2.sparql,1024,0,20191,5000.100181,4038.1190914382605,56292,WithOptimizer
resources/lupos/q2.sparql,1024,0,67232,5000.018442,13446.350404481169,56292,NoOptimizer
