resources/lupos/persistence-import.sparql,1024,0,1,130.077266,7.687738455388508,27118
resources/lupos/q2.sparql,1024,0,21742,5000.118287,4348.2971305954625,27118,WithOptimizer
resources/lupos/q2.sparql,1024,0,84039,5000.033172,16807.688491071473,27118,NoOptimizer
resources/lupos/persistence-import.sparql,32768,0,1,305.65715,3.2716394823415715,843302
resources/lupos/q2.sparql,32768,0,5429,5000.006053,1085.7986855321112,843302,WithOptimizer
resources/lupos/q2.sparql,32768,0,8100,5000.293932,1619.9047716301332,843302,NoOptimizer
resources/lupos/persistence-import.sparql,2097152,0,1,5436.513108,0.18394143086466003,57991502
resources/lupos/q2.sparql,2097152,0,72,5015.116564999999,14.356595518134284,57991502,WithOptimizer
resources/lupos/q2.sparql,2097152,0,94,5003.872297,18.78545143055636,57991502,NoOptimizer
