resources/lupos/persistence-import.sparql,1024,0,1,116.357644,8.594192574060713,22260
resources/lupos/q2.sparql,1024,0,20893,5000.048219,4178.559702805938,22260,WithOptimizer
resources/lupos/q2.sparql,1024,0,88670,5000.019155,17733.93206130627,22260,NoOptimizer
resources/lupos/persistence-import.sparql,32768,0,1,281.882184,3.5475814250112383,680635
resources/lupos/q2.sparql,32768,0,7777,5000.044196,1555.3862516298445,680635,WithOptimizer
resources/lupos/q2.sparql,32768,0,12027,5000.109541,2405.347303170213,680635,NoOptimizer
resources/lupos/persistence-import.sparql,2097152,0,1,4746.581289,0.21067794673978457,46756687
resources/lupos/q2.sparql,2097152,0,210,5001.776403,41.98508351433797,46756687,WithOptimizer
resources/lupos/q2.sparql,2097152,0,262,5008.884414,52.30705649100251,46756687,NoOptimizer
