resources/lupos/persistence-import.sparql,1024,0,1,119.344526,8.379102364527384,25973
resources/lupos/q2.sparql,1024,0,22463,5000.083680999999,4492.5248122062385,25973,WithOptimizer
resources/lupos/q2.sparql,1024,0,90543,5000.010971,18108.560266197062,25973,NoOptimizer
resources/lupos/persistence-import.sparql,32768,0,1,326.254521,3.065091625197739,805780
resources/lupos/q2.sparql,32768,0,5609,5000.543317,1121.6781146423573,805780,WithOptimizer
resources/lupos/q2.sparql,32768,0,8434,5000.394064,1686.6670690456208,805780,NoOptimizer
resources/lupos/persistence-import.sparql,2097152,0,1,5369.738339,0.18622881356007168,55403670
resources/lupos/q2.sparql,2097152,0,88,5016.616099,17.541705058424085,55403670,WithOptimizer
resources/lupos/q2.sparql,2097152,0,98,5045.31687,19.42395344536606,55403670,NoOptimizer
