resources/lupos/persistence-import.sparql,1024,0,1,148.526993,6.732782909029876,22971
resources/lupos/q2.sparql,1024,0,25426,5000.115124,5085.082916982853,22971,WithOptimizer
resources/lupos/q2.sparql,1024,0,99954,5000.002816,19990.78874118778,22971,NoOptimizer
resources/lupos/persistence-import.sparql,32768,0,1,331.827676,3.013612402842492,705319
resources/lupos/q2.sparql,32768,0,3566,5000.0658969999995,713.1906005757988,705319,WithOptimizer
resources/lupos/q2.sparql,32768,0,4564,5000.767282,912.6599464901874,705319,NoOptimizer
resources/lupos/persistence-import.sparql,2097152,0,1,4935.852938,0.20259922906155273,48471675
resources/lupos/q2.sparql,2097152,0,67,5026.885281,13.328332805452776,48471675,WithOptimizer
resources/lupos/q2.sparql,2097152,0,71,5035.9712500000005,14.098571353043367,48471675,NoOptimizer
