resources/lupos/persistence-import.sparql,1024,0,1,128.688581,7.770697230704564,23599
resources/lupos/q2.sparql,1024,0,18661,5000.085442,3732.1362237633543,23599,WithOptimizer
resources/lupos/q2.sparql,1024,0,64598,5000.047906,12919.476215914481,23599,NoOptimizer
