resources/lupos/persistence-import.sparql,1024,0,1,125.344079,7.978039393468279,24170
resources/lupos/q2.sparql,1024,0,24606,5000.149875,4921.052491451569,24170,WithOptimizer
resources/lupos/q2.sparql,1024,0,92090,5000.00434,18417.984013189875,24170,NoOptimizer
resources/lupos/persistence-import.sparql,32768,0,1,328.21932100000004,3.046743247634712,745728
resources/lupos/q2.sparql,32768,0,3388,5000.922399,677.4750195438895,745728,WithOptimizer
resources/lupos/q2.sparql,32768,0,4342,5001.06649,868.214811517133,745728,NoOptimizer
resources/lupos/persistence-import.sparql,2097152,0,1,5022.913895000001,0.1990876254111061,51264587
resources/lupos/q2.sparql,2097152,0,65,5034.699716,12.910402539685446,51264587,WithOptimizer
resources/lupos/q2.sparql,2097152,0,69,5028.617834000001,13.721464282584812,51264587,NoOptimizer
