resources/lupos/persistence-import.sparql,1024,0,1,140.972017,7.093606385726892,46567
resources/lupos/q2.sparql,1024,0,21279,5000.0370729999995,4255.768445179287,46567,WithOptimizer
resources/lupos/q2.sparql,1024,0,72456,5000.041467,14491.079819678624,46567,NoOptimizer
resources/lupos/persistence-import.sparql,32768,0,1,382.26837,2.6159632302301126,1494309
resources/lupos/q2.sparql,32768,0,4636,5000.405847,927.124745840655,1494309,WithOptimizer
resources/lupos/q2.sparql,32768,0,6817,5000.464022,1363.2734822224463,1494309,NoOptimizer
resources/lupos/persistence-import.sparql,2097152,0,1,10596.021193,0.09437504717908882,103021399
resources/lupos/q2.sparql,2097152,0,49,5085.663624999999,9.634927437812996,103021399,WithOptimizer
resources/lupos/q2.sparql,2097152,0,59,5032.695194000001,11.723340620814874,103021399,NoOptimizer
