resources/lupos/persistence-import.sparql,1024,0,1,153.406917,6.518610891580592,71071
resources/lupos/q2.sparql,1024,0,16505,5000.098365000001,3300.9350607045503,71071,WithOptimizer
resources/lupos/q2.sparql,1024,0,59264,5000.056639,11852.665735373082,71071,NoOptimizer
resources/lupos/persistence-import.sparql,32768,0,1,493.410982,2.0267080313992687,2338376
resources/lupos/q2.sparql,32768,0,3040,5001.334874,607.8377226455642,2338376,WithOptimizer
resources/lupos/q2.sparql,32768,0,4339,5000.596762,867.6964383476118,2338376,NoOptimizer
resources/lupos/persistence-import.sparql,2097152,0,1,15688.775340999999,0.06373983808581073,159309173
resources/lupos/q2.sparql,2097152,0,28,5073.742793,5.51860847945037,159309173,WithOptimizer
resources/lupos/q2.sparql,2097152,0,35,5081.536098,6.887681072220536,159309173,NoOptimizer
