resources/lupos/persistence-import.sparql,1024,0,1,126.376188,7.912883082056566,22259
resources/lupos/q2.sparql,1024,0,17909,5000.163173,3581.683113204274,22259,WithOptimizer
resources/lupos/q2.sparql,1024,0,71091,5000.041506,14218.081972857928,22259,NoOptimizer
