resources/lupos/persistence-import.sparql,1024,0,1,125.700168,7.955438850328346,22260
resources/lupos/q2.sparql,1024,0,17634,5000.165332,3526.683385276509,22260,WithOptimizer
resources/lupos/q2.sparql,1024,0,63534,5000.003802,12706.790337756627,22260,NoOptimizer
