resources/lupos/persistence-import.sparql,1024,0,1,125.984612,7.937477316674198,34460
resources/lupos/q2.sparql,1024,0,22735,5000.055348,4546.949667085965,34460,WithOptimizer
resources/lupos/q2.sparql,1024,0,81642,5000.020944,16328.331603884577,34460,NoOptimizer
resources/lupos/persistence-import.sparql,32768,0,1,365.869197,2.7332172486769912,1087524
resources/lupos/q2.sparql,32768,0,4721,5000.722928,944.0635020121234,1087524,WithOptimizer
resources/lupos/q2.sparql,32768,0,7593,5000.107285,1518.5674160989527,1087524,NoOptimizer
resources/lupos/persistence-import.sparql,2097152,0,1,8244.984237,0.12128585953050379,74877836
resources/lupos/q2.sparql,2097152,0,73,5008.0852780000005,14.576429103689875,74877836,WithOptimizer
resources/lupos/q2.sparql,2097152,0,80,5022.378619,15.928707504717893,74877836,NoOptimizer
