resources/lupos/persistence-import.sparql,1024,0,1,126.047573,7.933512531812096,24450
resources/lupos/q2.sparql,1024,0,20759,5000.145274,4151.67937378613,24450,WithOptimizer
resources/lupos/q2.sparql,1024,0,75520,5000.025618,15103.922613542098,24450,NoOptimizer
