resources/lupos/persistence-import.sparql,1024,0,1,129.854928,7.700901424395691,30264
resources/lupos/q2.sparql,1024,0,19365,5000.050682,3872.9607421207334,30264,WithOptimizer
resources/lupos/q2.sparql,1024,0,79565,5000.030328,15912.903478692659,30264,NoOptimizer
resources/lupos/persistence-import.sparql,32768,0,1,307.065156,3.2566378192385983,951799
resources/lupos/q2.sparql,32768,0,4900,5000.386134,979.9243235802477,951799,WithOptimizer
resources/lupos/q2.sparql,32768,0,7306,5000.329892,1461.1035987223222,951799,NoOptimizer
resources/lupos/persistence-import.sparql,2097152,0,1,5902.120319,0.1694306361022187,65496511
resources/lupos/q2.sparql,2097152,0,68,5025.120063,13.532014986205912,65496511,WithOptimizer
resources/lupos/q2.sparql,2097152,0,89,5056.847953,17.59989638351699,65496511,NoOptimizer
