resources/lupos/persistence-import.sparql,1024,0,1,119.376698,8.376844197851744,23163
resources/lupos/q2.sparql,1024,0,21127,5000.075205,4225.336446714505,23163,WithOptimizer
resources/lupos/q2.sparql,1024,0,87135,5000.034455,17426.87991137053,23163,NoOptimizer
