resources/lupos/persistence-import.sparql,1024,0,1,120.215559,8.31839079997956,24170
resources/lupos/q2.sparql,1024,0,19386,5000.135019,3877.095303693838,24170,WithOptimizer
resources/lupos/q2.sparql,1024,0,74341,5000.002689,14868.19200388634,24170,NoOptimizer
