resources/lupos/persistence-import.sparql,1024,0,1,138.670671,7.211330217043516,39657
resources/lupos/q2.sparql,1024,0,17573,5000.125618,3514.511702813783,39657,WithOptimizer
resources/lupos/q2.sparql,1024,0,60578,5000.008841999999,12115.578574810848,39657,NoOptimizer
