resources/lupos/persistence-import.sparql,1024,0,1,116.60523,8.575944663888574,22263
resources/lupos/q2.sparql,1024,0,23201,5000.00994,4640.190775300739,22263,WithOptimizer
resources/lupos/q2.sparql,1024,0,100310,5000.035845,20061.85617655307,22263,NoOptimizer
resources/lupos/persistence-import.sparql,32768,0,1,279.408839,3.578984843782984,680599
resources/lupos/q2.sparql,32768,0,5250,5000.48006,1049.8991970782902,680599,WithOptimizer
resources/lupos/q2.sparql,32768,0,8097,5000.195727,1619.3366104206502,680599,NoOptimizer
resources/lupos/persistence-import.sparql,2097152,0,1,5110.47311,0.1956765994998064,46746609
resources/lupos/q2.sparql,2097152,0,121,5008.408367,24.15937182703776,46746609,WithOptimizer
resources/lupos/q2.sparql,2097152,0,132,5036.811708,26.20705471088855,46746609,NoOptimizer
