resources/lupos/persistence-import.sparql,1024,0,1,127.367703,7.851283931845736,24450
resources/lupos/q2.sparql,1024,0,18137,5000.093701,3627.332023072421,24450,WithOptimizer
resources/lupos/q2.sparql,1024,0,73441,5000.020529,14688.139693436045,24450,NoOptimizer
