resources/lupos/persistence-import.sparql,1024,0,1,140.712904,7.106668767208443,23453
resources/lupos/q2.sparql,1024,0,18184,5000.041705000001,3636.7696657042184,23453,WithOptimizer
resources/lupos/q2.sparql,1024,0,62195,5000.01317,12438.967235760301,23453,NoOptimizer
