resources/lupos/persistence-import.sparql,1024,0,1,126.581436,7.900052579589949,22260
resources/lupos/q2.sparql,1024,0,18969,5000.135799,3793.6969639491986,22260,WithOptimizer
resources/lupos/q2.sparql,1024,0,66525,5000.022315,13304.940620050013,22260,NoOptimizer
resources/lupos/persistence-import.sparql,32768,0,1,276.612012,3.6151719976643673,680550
resources/lupos/q2.sparql,32768,0,5961,5000.65579,1192.0436539384368,680550,WithOptimizer
resources/lupos/q2.sparql,32768,0,10222,5000.427749,2044.2251169500898,680550,NoOptimizer
resources/lupos/persistence-import.sparql,2097152,0,1,4948.663372,0.20207476743277658,46734066
resources/lupos/q2.sparql,2097152,0,72,5008.3381899999995,14.376025992765477,46734066,WithOptimizer
resources/lupos/q2.sparql,2097152,0,81,5041.40763,16.066941208640173,46734066,NoOptimizer
