resources/lupos/persistence-import.sparql,1024,0,1,132.207718,7.563854933189301,34460
resources/lupos/q2.sparql,1024,0,22754,5000.143779,4550.66914186829,34460,WithOptimizer
resources/lupos/q2.sparql,1024,0,82508,5000.047089,16501.444592695116,34460,NoOptimizer
resources/lupos/persistence-import.sparql,32768,0,1,303.90853,3.290463745785615,1087524
resources/lupos/q2.sparql,32768,0,4233,5000.609630999999,846.4967898630998,1087524,WithOptimizer
resources/lupos/q2.sparql,32768,0,5976,5000.47251,1195.087061882478,1087524,NoOptimizer
resources/lupos/persistence-import.sparql,2097152,0,1,8070.357358000001,0.12391025027023343,74877836
resources/lupos/q2.sparql,2097152,0,75,5001.408748,14.99577494640716,74877836,WithOptimizer
resources/lupos/q2.sparql,2097152,0,90,5022.222842,17.920351770802608,74877836,NoOptimizer
