resources/lupos/persistence-import.sparql,1024,0,1,133.271938,7.503455078442695,23163
resources/lupos/q2.sparql,1024,0,25313,5000.161852,5062.436126917598,23163,WithOptimizer
resources/lupos/q2.sparql,1024,0,97958,5000.022324,19591.512527814866,23163,NoOptimizer
resources/lupos/persistence-import.sparql,32768,0,1,298.53013699999997,3.349745556844735,711956
resources/lupos/q2.sparql,32768,0,3427,5000.706222,685.3032047600257,711956,WithOptimizer
resources/lupos/q2.sparql,32768,0,4251,5000.196371999999,850.1666102164838,711956,NoOptimizer
resources/lupos/persistence-import.sparql,2097152,0,1,5155.754,0.19395805152844764,48926455
resources/lupos/q2.sparql,2097152,0,62,5001.984324,12.395080828725924,48926455,WithOptimizer
resources/lupos/q2.sparql,2097152,0,69,5059.036297,13.638961246614674,48926455,NoOptimizer
