resources/lupos/persistence-import.sparql,1024,0,1,118.227335,8.458280819744436,22259
resources/lupos/q2.sparql,1024,0,21797,5000.05568,4359.351454262205,22259,WithOptimizer
resources/lupos/q2.sparql,1024,0,92989,5000.003731,18597.786122331996,22259,NoOptimizer
resources/lupos/persistence-import.sparql,32768,0,1,277.685063,3.601201984710283,680640
resources/lupos/q2.sparql,32768,0,6781,5000.458535,1356.075638371432,680640,WithOptimizer
resources/lupos/q2.sparql,32768,0,10821,5000.115264,2164.1501102803377,680640,NoOptimizer
resources/lupos/persistence-import.sparql,2097152,0,1,5097.24213,0.19618451988271549,46755406
resources/lupos/q2.sparql,2097152,0,167,5017.105564,33.28612441370588,46755406,WithOptimizer
resources/lupos/q2.sparql,2097152,0,153,5016.832458999999,30.49733098531605,46755406,NoOptimizer
