resources/lupos/persistence-import.sparql,1024,0,1,124.366523,8.040749036619767,22260
resources/lupos/q2.sparql,1024,0,23354,5000.108373,4670.69876447256,22260,WithOptimizer
resources/lupos/q2.sparql,1024,0,95453,5000.028537,19090.49104293142,22260,NoOptimizer
resources/lupos/persistence-import.sparql,32768,0,1,271.238269,3.686795390955692,680635
resources/lupos/q2.sparql,32768,0,6945,5000.219179,1388.9391147427539,680635,WithOptimizer
resources/lupos/q2.sparql,32768,0,11315,5000.4543220000005,2262.7943925451978,680635,NoOptimizer
resources/lupos/persistence-import.sparql,2097152,0,1,5129.237849,0.19496073869823774,46756687
resources/lupos/q2.sparql,2097152,0,173,5022.796496,34.44296422078256,46756687,WithOptimizer
resources/lupos/q2.sparql,2097152,0,197,5022.921378,39.22020377679899,46756687,NoOptimizer
