resources/lupos/persistence-import.sparql,1024,0,1,148.006369,6.756466000459751,71071
resources/lupos/q2.sparql,1024,0,20057,5000.117088,4011.3060648390965,71071,WithOptimizer
resources/lupos/q2.sparql,1024,0,63461,5000.023373,12692.140669319226,71071,NoOptimizer
resources/lupos/persistence-import.sparql,32768,0,1,423.722767,2.3600336773973725,2338376
resources/lupos/q2.sparql,32768,0,3596,5000.356292,719.1487546103845,2338376,WithOptimizer
resources/lupos/q2.sparql,32768,0,4898,5000.304607,979.5403250320426,2338376,NoOptimizer
resources/lupos/persistence-import.sparql,2097152,0,1,14744.911015,0.06782000915317155,159309173
resources/lupos/q2.sparql,2097152,0,34,5126.666149,6.631990266546222,159309173,WithOptimizer
resources/lupos/q2.sparql,2097152,0,39,5057.84308,7.710796753306946,159309173,NoOptimizer
