resources/lupos/persistence-import.sparql,1024,0,1,127.351997,7.852252210854613,39657
resources/lupos/q2.sparql,1024,0,17310,5000.119496,3461.9172629469494,39657,WithOptimizer
resources/lupos/q2.sparql,1024,0,55805,5000.052222,11160.88343126909,39657,NoOptimizer
