resources/lupos/persistence-import.sparql,1024,0,1,125.887477,7.943601888216411,22266
resources/lupos/q2.sparql,1024,0,20825,5000.065646,4164.945317599936,22266,WithOptimizer
resources/lupos/q2.sparql,1024,0,81631,5000.05205,16326.030046027221,22266,NoOptimizer
