resources/lupos/persistence-import.sparql,1024,0,1,115.75534,8.638910308587059,23599
resources/lupos/q2.sparql,1024,0,23752,5000.112374,4750.293238109532,23599,WithOptimizer
resources/lupos/q2.sparql,1024,0,88962,5000.006245,17792.37777732016,23599,NoOptimizer
resources/lupos/persistence-import.sparql,32768,0,1,279.178294,3.581940363888032,725838
resources/lupos/q2.sparql,32768,0,6225,5000.4526670000005,1244.8872961204654,725838,WithOptimizer
resources/lupos/q2.sparql,32768,0,10105,5000.636147,2020.7429020930126,725838,NoOptimizer
resources/lupos/persistence-import.sparql,2097152,0,1,4833.0114650000005,0.20691033059653624,49879538
resources/lupos/q2.sparql,2097152,0,167,5019.763282000001,33.268501046420454,49879538,WithOptimizer
resources/lupos/q2.sparql,2097152,0,183,5016.771082,36.477646081280774,49879538,NoOptimizer
