resources/lupos/persistence-import.sparql,32,0,1,154.777144,6.460902263450474,36230
resources/lupos/q2.sparql,32,0,22832,5000.177318,4566.2380647597665,36230,WithOptimizer
resources/lupos/q2.sparql,32,0,80489,5000.040406,16097.66991150991,36230,NoOptimizer
