resources/lupos/persistence-import.sparql,1024,0,1,115.461435,8.660900498941487,22261
resources/lupos/q2.sparql,1024,0,23020,5000.041522,4603.961766859903,22261,WithOptimizer
resources/lupos/q2.sparql,1024,0,97428,5000.033462,19485.46959544328,22261,NoOptimizer
resources/lupos/persistence-import.sparql,32768,0,1,304.981317,3.2788893753777058,680656
resources/lupos/q2.sparql,32768,0,6864,5000.489608999999,1372.6655861150095,680656,WithOptimizer
resources/lupos/q2.sparql,32768,0,10816,5000.25954,2163.087718442711,680656,NoOptimizer
resources/lupos/persistence-import.sparql,2097152,0,1,4596.237224,0.21756927487953348,46761582
resources/lupos/q2.sparql,2097152,0,205,5018.160314,40.85162433493351,46761582,WithOptimizer
resources/lupos/q2.sparql,2097152,0,265,5001.214721,52.987127084800086,46761582,NoOptimizer
