resources/lupos/persistence-import.sparql,1024,0,1,148.041812,6.754848420796146,22263
resources/lupos/q2.sparql,1024,0,23943,5000.111871,4788.492861303023,22263,WithOptimizer
resources/lupos/q2.sparql,1024,0,93149,5000.04276,18629.64067931291,22263,NoOptimizer
resources/lupos/persistence-import.sparql,32768,0,1,281.464417,3.5528469660873685,680599
resources/lupos/q2.sparql,32768,0,6542,5000.601750000001,1308.2425530087453,680599,WithOptimizer
resources/lupos/q2.sparql,32768,0,10756,5000.08246,2151.1645229946866,680599,NoOptimizer
resources/lupos/persistence-import.sparql,2097152,0,1,4789.956782,0.20877015086187473,46746609
resources/lupos/q2.sparql,2097152,0,151,5008.3368740000005,30.149729101469383,46746609,WithOptimizer
resources/lupos/q2.sparql,2097152,0,171,5008.025097,34.145196297525665,46746609,NoOptimizer
