resources/lupos/persistence-import.sparql,1024,0,1,158.839527,6.295662162227416,71071
resources/lupos/q2.sparql,1024,0,20330,5000.000588,4065.9995218384565,71071,WithOptimizer
resources/lupos/q2.sparql,1024,0,61628,5000.076573,12325.411241257005,71071,NoOptimizer
resources/lupos/persistence-import.sparql,32768,0,1,409.958707,2.4392700604356237,2338376
resources/lupos/q2.sparql,32768,0,3295,5000.591546,658.9220434601759,2338376,WithOptimizer
resources/lupos/q2.sparql,32768,0,4901,5000.027061,980.1946949902718,2338376,NoOptimizer
resources/lupos/persistence-import.sparql,2097152,0,1,15372.902869000001,0.06504952308106592,159309173
resources/lupos/q2.sparql,2097152,0,32,5119.027229,6.25118769025403,159309173,WithOptimizer
resources/lupos/q2.sparql,2097152,0,38,5048.7465440000005,7.526620651052433,159309173,NoOptimizer
