resources/lupos/persistence-import.sparql,1024,0,1,132.951457,7.521542242293742,27118
resources/lupos/q2.sparql,1024,0,22968,5000.015058,4593.586165955903,27118,WithOptimizer
resources/lupos/q2.sparql,1024,0,96947,5000.0046090000005,19389.382126867553,27118,NoOptimizer
resources/lupos/persistence-import.sparql,32768,0,1,297.614278,3.360053847954163,843302
resources/lupos/q2.sparql,32768,0,4478,5000.096361,895.5827401503153,843302,WithOptimizer
resources/lupos/q2.sparql,32768,0,6719,5000.438372,1343.682193469897,843302,NoOptimizer
resources/lupos/persistence-import.sparql,2097152,0,1,5379.954597,0.1858751745893219,57991502
resources/lupos/q2.sparql,2097152,0,95,5032.8874399999995,18.875844360230715,57991502,WithOptimizer
resources/lupos/q2.sparql,2097152,0,111,5019.378025,22.11429373263832,57991502,NoOptimizer
