resources/lupos/persistence-import.sparql,1024,0,1,114.05173,8.767951174436371,22261
resources/lupos/q2.sparql,1024,0,24452,5000.034736,4890.366025649147,22261,WithOptimizer
resources/lupos/q2.sparql,1024,0,97294,5000.048968,19458.609430162687,22261,NoOptimizer
resources/lupos/persistence-import.sparql,32768,0,1,258.015004,3.8757435982288846,680666
resources/lupos/q2.sparql,32768,0,3588,5000.350292,717.5497296140228,680666,WithOptimizer
resources/lupos/q2.sparql,32768,0,4546,5000.097529,909.1822656725623,680666,NoOptimizer
resources/lupos/persistence-import.sparql,2097152,0,1,4499.146817,0.22226436270572586,46764355
resources/lupos/q2.sparql,2097152,0,68,5021.559835,13.541609028741167,46764355,WithOptimizer
resources/lupos/q2.sparql,2097152,0,72,5001.13228,14.396739771898215,46764355,NoOptimizer
