resources/lupos/persistence-import.sparql,1024,0,1,114.141644,8.761044303865116,22260
resources/lupos/q2.sparql,1024,0,23987,5000.076351,4797.3267438611565,22260,WithOptimizer
resources/lupos/q2.sparql,1024,0,92488,5000.015711999999,18497.54187332442,22260,NoOptimizer
resources/lupos/persistence-import.sparql,32768,0,1,279.114441,3.5827598042481794,680550
resources/lupos/q2.sparql,32768,0,3905,5000.574837,780.9102207822832,680550,WithOptimizer
resources/lupos/q2.sparql,32768,0,5164,5000.436621999999,1032.7098192346614,680550,NoOptimizer
resources/lupos/persistence-import.sparql,2097152,0,1,5182.060117,0.192973446355717,46734066
resources/lupos/q2.sparql,2097152,0,76,5059.472538,15.021328691714308,46734066,WithOptimizer
resources/lupos/q2.sparql,2097152,0,81,5034.259222000001,16.089755498887577,46734066,NoOptimizer
