resources/lupos/persistence-import.sparql,1024,0,1,151.467655,6.60206959697105,30264
resources/lupos/q2.sparql,1024,0,19047,5000.135531,3809.296744440586,30264,WithOptimizer
resources/lupos/q2.sparql,1024,0,65569,5000.051882,13113.663927377624,30264,NoOptimizer
resources/lupos/persistence-import.sparql,32768,0,1,318.16516,3.143021693512891,951799
resources/lupos/q2.sparql,32768,0,5364,5000.416483,1072.7106468503334,951799,WithOptimizer
resources/lupos/q2.sparql,32768,0,8453,5000.370433,1690.474758472759,951799,NoOptimizer
resources/lupos/persistence-import.sparql,2097152,0,1,6124.014418,0.16329158159078652,65496511
resources/lupos/q2.sparql,2097152,0,57,5018.315777,11.358392443385693,65496511,WithOptimizer
resources/lupos/q2.sparql,2097152,0,66,5003.322211000001,13.191235186671848,65496511,NoOptimizer
