resources/lupos/persistence-import.sparql,1024,0,1,117.22255,8.530781833358855,23071
resources/lupos/q2.sparql,1024,0,18887,5000.124209,3777.3061649157125,23071,WithOptimizer
resources/lupos/q2.sparql,1024,0,72281,5000.003215,14456.190704669378,23071,NoOptimizer
