resources/lupos/persistence-import.sparql,1024,0,1,122.62596,8.154880092274098,22266
resources/lupos/q2.sparql,1024,0,24708,5000.096328,4941.504798945146,22266,WithOptimizer
resources/lupos/q2.sparql,1024,0,93204,5000.031627,18640.682090229504,22266,NoOptimizer
resources/lupos/persistence-import.sparql,32768,0,1,296.718759,3.370194737165236,680593
resources/lupos/q2.sparql,32768,0,4196,5000.528557,839.1112963701049,680593,WithOptimizer
resources/lupos/q2.sparql,32768,0,5697,5000.563961,1139.2714990612235,680593,NoOptimizer
resources/lupos/persistence-import.sparql,2097152,0,1,5036.245746,0.19856060455235777,46744126
resources/lupos/q2.sparql,2097152,0,82,5038.917518,16.273336427333838,46744126,WithOptimizer
resources/lupos/q2.sparql,2097152,0,92,5010.674512,18.360801480852604,46744126,NoOptimizer
