resources/lupos/persistence-import.sparql,32,0,1,112.946658,8.853736956077089,3378
resources/lupos/q2.sparql,32,0,24960,5000.290892,4991.709590322771,3378,WithOptimizer
resources/lupos/q2.sparql,32,0,123700,5000.1323649999995,24739.345075317822,3378,NoOptimizer
