resources/lupos/persistence-import.sparql,32,0,1,143.821537,6.953061557115747,45367
resources/lupos/q2.sparql,32,0,21604,5000.020597,4320.782200969801,45367,WithOptimizer
resources/lupos/q2.sparql,32,0,75757,5000.0569239999995,15151.227506305086,45367,NoOptimizer
