resources/lupos/persistence-import.sparql,1024,0,1,124.924114,8.004859654237771,22971
resources/lupos/q2.sparql,1024,0,23034,5000.010235000001,4606.790569899703,22971,WithOptimizer
resources/lupos/q2.sparql,1024,0,96642,5000.026058,19328.29926863553,22971,NoOptimizer
resources/lupos/persistence-import.sparql,32768,0,1,282.7887,3.5362091908198594,705319
resources/lupos/q2.sparql,32768,0,6333,5000.351968999999,1266.510845488845,705319,WithOptimizer
resources/lupos/q2.sparql,32768,0,11467,5000.275956,2293.273431487388,705319,NoOptimizer
resources/lupos/persistence-import.sparql,2097152,0,1,4538.397481999999,0.22034209298902482,48471675
resources/lupos/q2.sparql,2097152,0,216,5005.484459,43.152666194303336,48471675,WithOptimizer
resources/lupos/q2.sparql,2097152,0,264,5001.3519479999995,52.785727288312806,48471675,NoOptimizer
