resources/lupos/persistence-import.sparql,1024,0,1,125.355735,7.977297568396053,23316
resources/lupos/q2.sparql,1024,0,23119,5000.098037,4623.709341081466,23316,WithOptimizer
resources/lupos/q2.sparql,1024,0,98562,5000.034486,19712.26404057246,23316,NoOptimizer
resources/lupos/persistence-import.sparql,32768,0,1,286.897364,3.4855670545652,716028
resources/lupos/q2.sparql,32768,0,6632,5000.066119,1326.382460183623,716028,WithOptimizer
resources/lupos/q2.sparql,32768,0,11437,5000.430718,2287.2029721020526,716028,NoOptimizer
resources/lupos/persistence-import.sparql,2097152,0,1,5107.024244,0.19580874345267746,49206171
resources/lupos/q2.sparql,2097152,0,167,5006.840231,33.3543696813041,49206171,WithOptimizer
resources/lupos/q2.sparql,2097152,0,192,5012.241558000001,38.306214450808,49206171,NoOptimizer
