resources/lupos/persistence-import.sparql,1024,0,1,126.537699,7.902783185586455,22266
resources/lupos/q2.sparql,1024,0,18188,5000.119944,3637.5127404343725,22266,WithOptimizer
resources/lupos/q2.sparql,1024,0,66089,5000.016030000001,13217.757623869056,22266,NoOptimizer
