resources/lupos/persistence-import.sparql,1024,0,1,119.377386,8.376795920125106,25973
resources/lupos/q2.sparql,1024,0,23673,5000.065105,4734.538351576124,25973,WithOptimizer
resources/lupos/q2.sparql,1024,0,86667,5000.047794,17333.23431507983,25973,NoOptimizer
resources/lupos/persistence-import.sparql,32768,0,1,284.628891,3.51334678811646,805780
resources/lupos/q2.sparql,32768,0,5005,5000.335904,1000.9327565366697,805780,WithOptimizer
resources/lupos/q2.sparql,32768,0,8939,5000.093515,1787.7665634019647,805780,NoOptimizer
resources/lupos/persistence-import.sparql,2097152,0,1,5272.745703,0.1896545094960746,55403670
resources/lupos/q2.sparql,2097152,0,144,5028.674685,28.63577563081116,55403670,WithOptimizer
resources/lupos/q2.sparql,2097152,0,161,5020.247802,32.070130071240655,55403670,NoOptimizer
