resources/lupos/persistence-import.sparql,1024,0,1,134.786183,7.419158089816966,39657
resources/lupos/q2.sparql,1024,0,18758,5000.127415999999,3751.5043996630825,39657,WithOptimizer
resources/lupos/q2.sparql,1024,0,64284,5000.0169000000005,12856.75654416288,39657,NoOptimizer
resources/lupos/persistence-import.sparql,32768,0,1,332.606929,3.006551917022751,1261796
resources/lupos/q2.sparql,32768,0,4686,5000.454475,937.1148209483499,1261796,WithOptimizer
resources/lupos/q2.sparql,32768,0,7232,5000.248648000001,1446.328074683377,1261796,NoOptimizer
resources/lupos/persistence-import.sparql,2097152,0,1,9565.963834,0.10453729674847106,86939298
resources/lupos/q2.sparql,2097152,0,38,5012.968616,7.5803386996508575,86939298,WithOptimizer
resources/lupos/q2.sparql,2097152,0,52,5022.851442,10.352685242726317,86939298,NoOptimizer
