resources/lupos/persistence-import.sparql,1024,0,1,149.638159,6.682787376447207,71071
resources/lupos/q2.sparql,1024,0,19696,5000.046312,3939.1635138918687,71071,WithOptimizer
resources/lupos/q2.sparql,1024,0,56971,5000.069436000001,11394.04176866315,71071,NoOptimizer
resources/lupos/persistence-import.sparql,32768,0,1,416.917077,2.3985585027979077,2338376
resources/lupos/q2.sparql,32768,0,2915,5000.872101,582.8983307565699,2338376,WithOptimizer
resources/lupos/q2.sparql,32768,0,4202,5001.142488,840.2080144851893,2338376,NoOptimizer
resources/lupos/persistence-import.sparql,2097152,0,1,15036.500861,0.06650483441886992,159309173
resources/lupos/q2.sparql,2097152,0,57,5016.080865,11.36345316873196,159309173,WithOptimizer
resources/lupos/q2.sparql,2097152,0,71,5043.656949,14.077087462119541,159309173,NoOptimizer
