resources/lupos/persistence-import.sparql,1024,0,1,126.153559,7.926847311537204,22263
resources/lupos/q2.sparql,1024,0,18630,5000.196919,3725.85326174031,22263,WithOptimizer
resources/lupos/q2.sparql,1024,0,65489,5000.065036,13097.629636511792,22263,NoOptimizer
