resources/lupos/persistence-import.sparql,1024,0,1,133.634865,7.483077114643698,34460
resources/lupos/q2.sparql,1024,0,20664,5000.013536,4132.788811714129,34460,WithOptimizer
resources/lupos/q2.sparql,1024,0,79914,5000.00591,15982.78110835273,34460,NoOptimizer
