resources/lupos/persistence-import.sparql,1024,0,1,127.931625,7.816675509280837,23782
resources/lupos/q2.sparql,1024,0,20660,5000.038297,4131.968351601608,23782,WithOptimizer
resources/lupos/q2.sparql,1024,0,76344,5000.893131,15266.073079376909,23782,NoOptimizer
