resources/lupos/persistence-import.sparql,1024,0,1,127.03233,7.87201179416295,23163
resources/lupos/q2.sparql,1024,0,23147,5000.163998999999,4629.24816158615,23163,WithOptimizer
resources/lupos/q2.sparql,1024,0,100629,5000.001840999999,20125.79258968317,23163,NoOptimizer
resources/lupos/persistence-import.sparql,32768,0,1,324.212438,3.084397397486644,711956
resources/lupos/q2.sparql,32768,0,4694,5000.200513000001,938.762353188855,711956,WithOptimizer
resources/lupos/q2.sparql,32768,0,6732,5000.241899,1346.3348645885183,711956,NoOptimizer
resources/lupos/persistence-import.sparql,2097152,0,1,5048.832724999999,0.19806558356515963,48926455
resources/lupos/q2.sparql,2097152,0,99,5036.355489,19.65707151058494,48926455,WithOptimizer
resources/lupos/q2.sparql,2097152,0,106,5041.968749,21.023533718058754,48926455,NoOptimizer
