resources/lupos/persistence-import.sparql,1024,0,1,120.130507,8.32428019304039,24170
resources/lupos/q2.sparql,1024,0,18207,5000.158177,3641.2848064986324,24170,WithOptimizer
resources/lupos/q2.sparql,1024,0,68370,5000.059042,13673.838533845057,24170,NoOptimizer
