resources/lupos/persistence-import.sparql,1024,0,1,159.963779,6.251415203187967,95196
resources/lupos/q2.sparql,1024,0,17876,5000.181183,3575.0704516020737,95196,WithOptimizer
resources/lupos/q2.sparql,1024,0,41144,5000.100691,8228.63429011694,95196,NoOptimizer
resources/lupos/persistence-import.sparql,32768,0,1,486.91887,2.053730224092568,3184950
resources/lupos/q2.sparql,32768,0,1875,5000.7917529999995,374.9406279266035,3184950,WithOptimizer
resources/lupos/q2.sparql,32768,0,2376,5001.892911999999,475.0201657256112,3184950,NoOptimizer
resources/lupos/persistence-import.sparql,2097152,0,1,24640.27978,0.04058395476546817,215596578
resources/lupos/q2.sparql,2097152,0,32,5077.1808900000005,6.302710242809568,215596578,WithOptimizer
resources/lupos/q2.sparql,2097152,0,38,5126.990594,7.411755356928202,215596578,NoOptimizer
