resources/lupos/persistence-import.sparql,1024,0,1,139.931397,7.146359011909242,46567
resources/lupos/q2.sparql,1024,0,21835,5000.074162,4366.935227869926,46567,WithOptimizer
resources/lupos/q2.sparql,1024,0,64763,5000.053999000001,12952.460116021239,46567,NoOptimizer
resources/lupos/persistence-import.sparql,32768,0,1,347.72547999999995,2.8758318199747688,1494309
resources/lupos/q2.sparql,32768,0,3539,5000.730597999999,707.6965916571057,1494309,WithOptimizer
resources/lupos/q2.sparql,32768,0,5275,5000.148093,1054.9687533024835,1494309,NoOptimizer
resources/lupos/persistence-import.sparql,2097152,0,1,10940.757709,0.09140134774919546,103021399
resources/lupos/q2.sparql,2097152,0,68,5044.241407,13.480718806525589,103021399,WithOptimizer
resources/lupos/q2.sparql,2097152,0,62,5050.181885999999,12.276785549422486,103021399,NoOptimizer
