resources/lupos/persistence-import.sparql,1024,0,1,127.779324,7.825992255210241,39657
resources/lupos/q2.sparql,1024,0,22365,5000.064044,4472.942706971455,39657,WithOptimizer
resources/lupos/q2.sparql,1024,0,78669,5000.0188259999995,15733.740759319293,39657,NoOptimizer
resources/lupos/persistence-import.sparql,32768,0,1,371.606583,2.6910179898508417,1261796
resources/lupos/q2.sparql,32768,0,3857,5000.377189,771.3418116706796,1261796,WithOptimizer
resources/lupos/q2.sparql,32768,0,5571,5000.121209999999,1114.1729902183713,1261796,NoOptimizer
resources/lupos/persistence-import.sparql,2097152,0,1,9300.815345,0.1075174555032519,86939298
resources/lupos/q2.sparql,2097152,0,77,5009.350085,15.371255490920634,86939298,WithOptimizer
resources/lupos/q2.sparql,2097152,0,93,5051.315831,18.411044391494514,86939298,NoOptimizer
