resources/lupos/persistence-import.sparql,32,0,1,138.403177,7.225267668530471,41310
resources/lupos/q2.sparql,32,0,22625,5000.077362,4524.929988473246,41310,WithOptimizer
resources/lupos/q2.sparql,32,0,77365,5000.017825999999,15472.944835857072,41310,NoOptimizer
