resources/lupos/persistence-import.sparql,1024,0,1,115.820251,8.634068665591132,22261
resources/lupos/q2.sparql,1024,0,22975,5000.097394,4594.910496657418,22261,WithOptimizer
resources/lupos/q2.sparql,1024,0,96973,5000.012586999999,19394.55117615687,22261,NoOptimizer
resources/lupos/persistence-import.sparql,32768,0,1,324.071308,3.0857406234803113,680666
resources/lupos/q2.sparql,32768,0,5729,5000.552103,1145.6734940453832,680666,WithOptimizer
resources/lupos/q2.sparql,32768,0,10075,5000.166562,2014.9328777500032,680666,NoOptimizer
resources/lupos/persistence-import.sparql,2097152,0,1,5234.847720000001,0.1910275242925309,46764355
resources/lupos/q2.sparql,2097152,0,181,5011.110683,36.1197370104068,46764355,WithOptimizer
resources/lupos/q2.sparql,2097152,0,202,5004.155828,40.3664487963663,46764355,NoOptimizer
