resources/lupos/persistence-import.sparql,1024,0,1,115.985607,8.621759422270385,25114
resources/lupos/q2.sparql,1024,0,24499,5000.105311,4899.696801606025,25114,WithOptimizer
resources/lupos/q2.sparql,1024,0,87956,5000.024603,17591.113441167203,25114,NoOptimizer
resources/lupos/persistence-import.sparql,32768,0,1,310.995468,3.2154809407061844,776309
resources/lupos/q2.sparql,32768,0,3326,5001.090859,665.0549037745448,776309,WithOptimizer
resources/lupos/q2.sparql,32768,0,4235,5000.86293,846.853844882327,776309,NoOptimizer
resources/lupos/persistence-import.sparql,2097152,0,1,5228.5588,0.1912572925449361,53374433
resources/lupos/q2.sparql,2097152,0,60,5010.883264,11.973936896726716,53374433,WithOptimizer
resources/lupos/q2.sparql,2097152,0,64,5034.777821,12.711583763052412,53374433,NoOptimizer
