resources/lupos/persistence-import.sparql,1024,0,1,126.939889,7.877744402313129,24450
resources/lupos/q2.sparql,1024,0,18218,5000.091476,3643.533340828823,24450,WithOptimizer
resources/lupos/q2.sparql,1024,0,60026,5000.018859,12005.154718957432,24450,NoOptimizer
