resources/lupos/persistence-import.sparql,1024,0,1,115.512004,8.657108918307745,22261
resources/lupos/q2.sparql,1024,0,23478,5000.138049,4695.470359002482,22261,WithOptimizer
resources/lupos/q2.sparql,1024,0,100161,5000.00482,20032.180688977816,22261,NoOptimizer
resources/lupos/persistence-import.sparql,32768,0,1,286.29947300000003,3.492846108033178,680666
resources/lupos/q2.sparql,32768,0,6868,5000.131221000001,1373.5639519129331,680666,WithOptimizer
resources/lupos/q2.sparql,32768,0,12466,5000.1906739999995,2493.1049259422703,680666,NoOptimizer
resources/lupos/persistence-import.sparql,2097152,0,1,4745.7259189999995,0.21071591934890246,46764355
resources/lupos/q2.sparql,2097152,0,189,5001.589812,37.78798484164859,46764355,WithOptimizer
resources/lupos/q2.sparql,2097152,0,212,5010.770713,42.30886068084991,46764355,NoOptimizer
