resources/lupos/persistence-import.sparql,1024,0,1,118.326424,8.451197680071866,23071
resources/lupos/q2.sparql,1024,0,18644,5000.034108000001,3728.7745637914354,23071,WithOptimizer
resources/lupos/q2.sparql,1024,0,67366,5000.053282,13473.056425721506,23071,NoOptimizer
