resources/lupos/persistence-import.sparql,1024,0,1,127.667541,7.832844528586949,22261
resources/lupos/q2.sparql,1024,0,19815,5000.153047999999,3962.87869786821,22261,WithOptimizer
resources/lupos/q2.sparql,1024,0,76981,5000.042348,15396.069601448904,22261,NoOptimizer
