resources/lupos/persistence-import.sparql,1024,0,1,130.193062,7.680900845545825,30264
resources/lupos/q2.sparql,1024,0,20536,5000.133618999999,4107.090242941766,30264,WithOptimizer
resources/lupos/q2.sparql,1024,0,78889,5000.031925,15777.699259390229,30264,NoOptimizer
