resources/lupos/persistence-import.sparql,1024,0,1,126.015348,7.935541311999551,23163
resources/lupos/q2.sparql,1024,0,21223,5000.015953,4244.586457222449,23163,WithOptimizer
resources/lupos/q2.sparql,1024,0,89221,5000.025565999999,17844.10875950309,23163,NoOptimizer
resources/lupos/persistence-import.sparql,32768,0,1,278.217932,3.594304625914623,711956
resources/lupos/q2.sparql,32768,0,7424,5000.252313,1484.7250769123339,711956,WithOptimizer
resources/lupos/q2.sparql,32768,0,12366,5000.393889999999,2473.005181597804,711956,NoOptimizer
resources/lupos/persistence-import.sparql,2097152,0,1,5384.453863,0.18571985672894975,48926455
resources/lupos/q2.sparql,2097152,0,191,5004.441923,38.16609382999928,48926455,WithOptimizer
resources/lupos/q2.sparql,2097152,0,254,5011.304376,50.68540662116828,48926455,NoOptimizer
