resources/lupos/persistence-import.sparql,32,0,1,153.349516,6.521050904392812,32421
resources/lupos/q2.sparql,32,0,22460,5000.010618,4491.990460809057,32421,WithOptimizer
resources/lupos/q2.sparql,32,0,85664,5000.043635,17132.650483359233,32421,NoOptimizer
