resources/lupos/persistence-import.sparql,1024,0,1,115.388609,8.666366712159602,22260
resources/lupos/q2.sparql,1024,0,22970,5000.090966,4593.9164219597515,22260,WithOptimizer
resources/lupos/q2.sparql,1024,0,94663,5000.0112899999995,18932.55725028573,22260,NoOptimizer
resources/lupos/persistence-import.sparql,32768,0,1,307.693685,3.2499854522526195,680656
resources/lupos/q2.sparql,32768,0,7152,5000.398858,1430.2859038049962,680656,WithOptimizer
resources/lupos/q2.sparql,32768,0,12516,5000.257928,2503.070877586937,680656,NoOptimizer
resources/lupos/persistence-import.sparql,2097152,0,1,4969.199478,0.20123965729837823,46758901
resources/lupos/q2.sparql,2097152,0,211,5014.165715,42.08077913515868,46758901,WithOptimizer
resources/lupos/q2.sparql,2097152,0,249,5017.871557,49.62263325625415,46758901,NoOptimizer
