resources/lupos/persistence-import.sparql,1024,0,1,123.322817,8.10879952571956,22266
resources/lupos/q2.sparql,1024,0,23229,5000.035077,4645.767408083326,22266,WithOptimizer
resources/lupos/q2.sparql,1024,0,100486,5000.023294,20097.106371600836,22266,NoOptimizer
resources/lupos/persistence-import.sparql,32768,0,1,304.432898,3.2847961129352057,680593
resources/lupos/q2.sparql,32768,0,5344,5000.387737999999,1068.7171235519897,680593,WithOptimizer
resources/lupos/q2.sparql,32768,0,8079,5000.394072,1615.6726617285694,680593,NoOptimizer
resources/lupos/persistence-import.sparql,2097152,0,1,4806.75,0.20804077599209445,46744126
resources/lupos/q2.sparql,2097152,0,117,5016.818773,23.321552022106502,46744126,WithOptimizer
resources/lupos/q2.sparql,2097152,0,130,5003.334528,25.982672010533214,46744126,NoOptimizer
