resources/lupos/persistence-import.sparql,1024,0,1,129.529767,7.720233141467784,25114
resources/lupos/q2.sparql,1024,0,20838,5000.105702,4167.51189713149,25114,WithOptimizer
resources/lupos/q2.sparql,1024,0,83407,5000.0168140000005,16681.343903976718,25114,NoOptimizer
