resources/lupos/persistence-import.sparql,1024,0,1,147.384647,6.784967229320704,71071
resources/lupos/q2.sparql,1024,0,20454,5000.022207999999,4090.7818303834224,71071,WithOptimizer
resources/lupos/q2.sparql,1024,0,60810,5000.031983999999,12161.922202616055,71071,NoOptimizer
resources/lupos/persistence-import.sparql,32768,0,1,412.650839,2.423356274819061,2338376
resources/lupos/q2.sparql,32768,0,3353,5000.453065000001,670.539240427807,2338376,WithOptimizer
resources/lupos/q2.sparql,32768,0,4636,5000.980227,927.0182623339533,2338376,NoOptimizer
resources/lupos/persistence-import.sparql,2097152,0,1,15171.709785,0.06591214926802003,159309173
resources/lupos/q2.sparql,2097152,0,34,5016.010546,6.778295158711972,159309173,WithOptimizer
resources/lupos/q2.sparql,2097152,0,43,5030.934571000001,8.547119703735856,159309173,NoOptimizer
