resources/lupos/persistence-import.sparql,1024,0,1,125.140216,7.991036230910773,22262
resources/lupos/q2.sparql,1024,0,19296,5000.013038,3859.1899367763212,22262,WithOptimizer
resources/lupos/q2.sparql,1024,0,65890,5000.049527,13177.869467931772,22262,NoOptimizer
