resources/lupos/persistence-import.sparql,1024,0,1,125.610433,7.961122146597489,23599
resources/lupos/q2.sparql,1024,0,24761,5000.080989,4952.119786554122,23599,WithOptimizer
resources/lupos/q2.sparql,1024,0,93240,5000.038853,18647.855094977196,23599,NoOptimizer
resources/lupos/persistence-import.sparql,32768,0,1,277.71738600000003,3.600782847639218,725838
resources/lupos/q2.sparql,32768,0,3390,5000.9762709999995,677.8676434955634,725838,WithOptimizer
resources/lupos/q2.sparql,32768,0,4213,5000.021272,842.596415257811,725838,NoOptimizer
resources/lupos/persistence-import.sparql,2097152,0,1,5283.235267,0.18927796122314913,49879538
resources/lupos/q2.sparql,2097152,0,63,5068.850295,12.428853947835917,49879538,WithOptimizer
resources/lupos/q2.sparql,2097152,0,64,5008.080005,12.779348559947776,49879538,NoOptimizer
