resources/lupos/persistence-import.sparql,1024,0,1,139.418147,7.172667414665898,46567
resources/lupos/q2.sparql,1024,0,21839,5000.101561,4367.711282174894,46567,WithOptimizer
resources/lupos/q2.sparql,1024,0,64847,5000.031079,12969.319385304565,46567,NoOptimizer
resources/lupos/persistence-import.sparql,32768,0,1,349.388539,2.8621431111110374,1494309
resources/lupos/q2.sparql,32768,0,2652,5000.709984,530.3246955902652,1494309,WithOptimizer
resources/lupos/q2.sparql,32768,0,3546,5001.113928,709.0420356446638,1494309,NoOptimizer
resources/lupos/persistence-import.sparql,2097152,0,1,10712.980952,0.09334470064686436,103021399
resources/lupos/q2.sparql,2097152,0,51,5052.925749,10.093162364416925,103021399,WithOptimizer
resources/lupos/q2.sparql,2097152,0,56,5081.877043,11.019550360262425,103021399,NoOptimizer
