resources/lupos/persistence-import.sparql,1024,0,1,118.919311,8.409063184027362,23316
resources/lupos/q2.sparql,1024,0,19856,5000.168353,3971.066291815315,23316,WithOptimizer
resources/lupos/q2.sparql,1024,0,73927,5000.029912999999,14785.311545395149,23316,NoOptimizer
