resources/lupos/persistence-import.sparql,1024,0,1,128.597644,7.776192229462617,23981
resources/lupos/q2.sparql,1024,0,18505,5001.031204,3700.2368601897647,23981,WithOptimizer
resources/lupos/q2.sparql,1024,0,65332,5000.058429,13066.24731044718,23981,NoOptimizer
