resources/lupos/persistence-import.sparql,1024,0,1,128.934485,7.755876947893344,25973
resources/lupos/q2.sparql,1024,0,21636,5000.021911,4327.181037427257,25973,WithOptimizer
resources/lupos/q2.sparql,1024,0,82642,5000.041690999999,16528.26218404426,25973,NoOptimizer
