resources/lupos/persistence-import.sparql,1024,0,1,163.050241,6.133078944667122,95196
resources/lupos/q2.sparql,1024,0,19078,5000.045406,3815.565350087943,95196,WithOptimizer
resources/lupos/q2.sparql,1024,0,55367,5000.089037000001,11073.202815048191,95196,NoOptimizer
resources/lupos/persistence-import.sparql,32768,0,1,471.288127,2.1218442449750063,3184950
resources/lupos/q2.sparql,32768,0,3054,5000.262764,610.7679024365768,3184950,WithOptimizer
resources/lupos/q2.sparql,32768,0,3744,5001.028533000001,748.6459985770291,3184950,NoOptimizer
resources/lupos/persistence-import.sparql,2097152,0,1,24255.41519,0.041227906929924625,215596578
resources/lupos/q2.sparql,2097152,0,26,5067.069193,5.1311712964011225,215596578,WithOptimizer
resources/lupos/q2.sparql,2097152,0,29,5008.810754,5.789797503697023,215596578,NoOptimizer
