resources/lupos/persistence-import.sparql,32,0,1,113.933217,8.77707157167343,17173
