resources/lupos/persistence-import.sparql,1024,0,1,115.933549,8.62563087756418,22259
resources/lupos/q2.sparql,1024,0,21490,5000.166104,4297.857221744808,22259,WithOptimizer
resources/lupos/q2.sparql,1024,0,84622,5000.0365249999995,16924.276368161132,22259,NoOptimizer
