resources/lupos/persistence-import.sparql,1024,0,1,124.82757,8.011050763865708,23163
resources/lupos/q2.sparql,1024,0,23858,5000.14932,4771.457505193065,23163,WithOptimizer
resources/lupos/q2.sparql,1024,0,109637,5000.033556,21927.25284182073,23163,NoOptimizer
resources/lupos/persistence-import.sparql,32768,0,1,290.24102200000004,3.4454123442274813,711956
resources/lupos/q2.sparql,32768,0,5869,5000.057997,1173.7863847822084,711956,WithOptimizer
resources/lupos/q2.sparql,32768,0,8859,5000.297542,1771.6945692908928,711956,NoOptimizer
resources/lupos/persistence-import.sparql,2097152,0,1,4864.27613,0.2055804344314639,48926455
resources/lupos/q2.sparql,2097152,0,146,5017.4395939999995,29.098506771180872,48926455,WithOptimizer
resources/lupos/q2.sparql,2097152,0,156,5030.289955,31.012128802821668,48926455,NoOptimizer
