resources/lupos/persistence-import.sparql,1024,0,1,126.307751,7.917170498903112,23453
resources/lupos/q2.sparql,1024,0,19052,5000.107554,3810.3180370107693,23453,WithOptimizer
resources/lupos/q2.sparql,1024,0,75636,5000.054039000001,15127.036510014806,23453,NoOptimizer
