resources/lupos/persistence-import.sparql,1024,0,1,127.691262,7.831389433679495,23782
resources/lupos/q2.sparql,1024,0,20089,5000.078753999999,4017.7367174325113,23782,WithOptimizer
resources/lupos/q2.sparql,1024,0,61193,5000.070037,12238.428571435628,23782,NoOptimizer
resources/lupos/persistence-import.sparql,32768,0,1,270.06463,3.7028173589410796,731538
resources/lupos/q2.sparql,32768,0,7333,5000.21097,1466.5381208905271,731538,WithOptimizer
resources/lupos/q2.sparql,32768,0,14234,5000.114823,2846.734625878011,731538,NoOptimizer
resources/lupos/persistence-import.sparql,2097152,0,1,5025.705765,0.1989770286522136,50283969
resources/lupos/q2.sparql,2097152,0,151,5002.238653,30.18648458714391,50283969,WithOptimizer
resources/lupos/q2.sparql,2097152,0,211,5017.599991,42.05197711624438,50283969,NoOptimizer
