resources/lupos/persistence-import.sparql,1024,0,1,133.000524,7.518767369668407,24170
resources/lupos/q2.sparql,1024,0,21847,5000.045895,4369.3598936455355,24170,WithOptimizer
resources/lupos/q2.sparql,1024,0,89399,5000.041285,17879.6523677104,24170,NoOptimizer
resources/lupos/persistence-import.sparql,32768,0,1,288.809838,3.4624859281975016,745728
resources/lupos/q2.sparql,32768,0,7064,5000.476275,1412.6654365538411,745728,WithOptimizer
resources/lupos/q2.sparql,32768,0,12306,5000.2932390000005,2461.0556644995995,745728,NoOptimizer
resources/lupos/persistence-import.sparql,2097152,0,1,5123.151397,0.19519235769327,51264587
resources/lupos/q2.sparql,2097152,0,198,5016.381018,39.47068599644398,51264587,WithOptimizer
resources/lupos/q2.sparql,2097152,0,240,5004.587331,47.95600198908788,51264587,NoOptimizer
