resources/lupos/persistence-import.sparql,1024,0,1,175.478897,5.698690937178617,95196
resources/lupos/q2.sparql,1024,0,18910,5000.185676,3781.8595598888714,95196,WithOptimizer
resources/lupos/q2.sparql,1024,0,53826,5000.032824,10765.129329078982,95196,NoOptimizer
