resources/lupos/persistence-import.sparql,1024,0,1,128.046272,7.809676801836137,22260
resources/lupos/q2.sparql,1024,0,18363,5000.135483,3672.500487723284,22260,WithOptimizer
resources/lupos/q2.sparql,1024,0,61384,5000.007028999999,12276.782741298823,22260,NoOptimizer
