resources/lupos/persistence-import.sparql,1024,0,1,127.918581,7.817472584377715,23453
resources/lupos/q2.sparql,1024,0,21101,5000.126478,4220.09325020918,23453,WithOptimizer
resources/lupos/q2.sparql,1024,0,82049,5000.013197,16409.756688088197,23453,NoOptimizer
