resources/lupos/persistence-import.sparql,1024,0,1,128.121745,7.805076335792959,25114
resources/lupos/q2.sparql,1024,0,21878,5000.088906,4375.522197964693,25114,WithOptimizer
resources/lupos/q2.sparql,1024,0,93960,5000.024848999999,18791.90660798254,25114,NoOptimizer
resources/lupos/persistence-import.sparql,32768,0,1,291.253896,3.4334304664546016,776309
resources/lupos/q2.sparql,32768,0,6414,5000.361836,1282.7071740733925,776309,WithOptimizer
resources/lupos/q2.sparql,32768,0,9104,5000.117135,1820.7573451176759,776309,NoOptimizer
resources/lupos/persistence-import.sparql,2097152,0,1,5438.562997,0.18387210013961708,53374433
resources/lupos/q2.sparql,2097152,0,134,5023.686487,26.673639039131384,53374433,WithOptimizer
resources/lupos/q2.sparql,2097152,0,129,5002.549626999999,25.786850629877822,53374433,NoOptimizer
