resources/lupos/persistence-import.sparql,32,0,1,143.429943,6.972044881869611,52736
resources/lupos/q2.sparql,32,0,21359,5000.170744,4271.654128137509,52736,WithOptimizer
resources/lupos/q2.sparql,32,0,67885,5000.02573,13576.930133117536,52736,NoOptimizer
