resources/lupos/persistence-import.sparql,1024,0,1,127.256389,7.858151624905843,27118
resources/lupos/q2.sparql,1024,0,18591,5000.137847,3718.0974942829407,27118,WithOptimizer
resources/lupos/q2.sparql,1024,0,64322,5000.015516,12864.360079317801,27118,NoOptimizer
