resources/lupos/persistence-import.sparql,1024,0,1,125.735563,7.953199366514946,22260
resources/lupos/q2.sparql,1024,0,18156,5000.094615,3631.131288102635,22260,WithOptimizer
resources/lupos/q2.sparql,1024,0,60456,5000.057699,12091.06047158037,22260,NoOptimizer
