resources/lupos/persistence-import.sparql,1024,0,1,126.549049,7.902074396465832,23453
resources/lupos/q2.sparql,1024,0,21226,5000.150181999999,4245.072493304562,23453,WithOptimizer
resources/lupos/q2.sparql,1024,0,88716,5000.0059329999995,17743.178945943862,23453,NoOptimizer
resources/lupos/persistence-import.sparql,32768,0,1,317.729731,3.1473290108944822,721328
resources/lupos/q2.sparql,32768,0,7419,5000.086412,1483.7743568180558,721328,WithOptimizer
resources/lupos/q2.sparql,32768,0,12009,5000.196812,2401.7054631088786,721328,NoOptimizer
resources/lupos/persistence-import.sparql,2097152,0,1,5119.253737,0.19534097182415164,49569752
resources/lupos/q2.sparql,2097152,0,159,5009.9288990000005,31.736977351462407,49569752,WithOptimizer
resources/lupos/q2.sparql,2097152,0,155,5009.121288,30.94355099193198,49569752,NoOptimizer
