resources/lupos/persistence-import.sparql,1024,0,1,141.265277,7.078880396065057,46567
resources/lupos/q2.sparql,1024,0,17598,5000.178806,3519.4741393814065,46567,WithOptimizer
resources/lupos/q2.sparql,1024,0,54984,5000.018825,10996.758597203881,46567,NoOptimizer
