resources/lupos/persistence-import.sparql,1024,0,1,116.705137,8.568603111275213,22260
resources/lupos/q2.sparql,1024,0,18510,5000.022443,3701.983383277386,22260,WithOptimizer
resources/lupos/q2.sparql,1024,0,66201,5000.023050000001,13240.13896295938,22260,NoOptimizer
