resources/lupos/persistence-import.sparql,1024,0,1,118.400003,8.445945731943942,23782
resources/lupos/q2.sparql,1024,0,23609,5000.043657,4721.758772435454,23782,WithOptimizer
resources/lupos/q2.sparql,1024,0,101733,5000.013015,20346.54703793806,23782,NoOptimizer
resources/lupos/persistence-import.sparql,32768,0,1,318.439739,3.1403115802704513,731538
resources/lupos/q2.sparql,32768,0,7210,5000.734216,1441.7882831947732,731538,WithOptimizer
resources/lupos/q2.sparql,32768,0,11685,5000.156271,2336.926961217369,731538,NoOptimizer
resources/lupos/persistence-import.sparql,2097152,0,1,5141.9737620000005,0.1944778496129557,50283969
resources/lupos/q2.sparql,2097152,0,223,5012.58894,44.487988675967514,50283969,WithOptimizer
resources/lupos/q2.sparql,2097152,0,253,5014.608997,50.4525876596476,50283969,NoOptimizer
