resources/lupos/persistence-import.sparql,1024,0,1,161.986719,6.173345606191332,95196
resources/lupos/q2.sparql,1024,0,17832,5000.0027740000005,3566.3980213623777,95196,WithOptimizer
resources/lupos/q2.sparql,1024,0,51900,5000.009571,10379.980130642034,95196,NoOptimizer
