resources/lupos/persistence-import.sparql,1024,0,1,136.487871,7.326658351935169,23782
resources/lupos/q2.sparql,1024,0,21649,5000.083969,4329.727287425881,23782,WithOptimizer
resources/lupos/q2.sparql,1024,0,82269,5000.016074,16453.747104493807,23782,NoOptimizer
