resources/lupos/persistence-import.sparql,1024,0,1,128.088106,7.807126135505508,22259
resources/lupos/q2.sparql,1024,0,17878,5000.045805,3575.5672442284754,22259,WithOptimizer
resources/lupos/q2.sparql,1024,0,67767,5000.016973,13553.35399178454,22259,NoOptimizer
