resources/lupos/persistence-import.sparql,1024,0,1,128.01951,7.811309385577245,25114
resources/lupos/q2.sparql,1024,0,24266,5000.116551,4853.08687357436,25114,WithOptimizer
resources/lupos/q2.sparql,1024,0,93352,5000.052473000001,18670.204063676432,25114,NoOptimizer
resources/lupos/persistence-import.sparql,32768,0,1,322.699262,3.0988605111839393,776309
resources/lupos/q2.sparql,32768,0,4106,5000.039669999999,821.1934846508929,776309,WithOptimizer
resources/lupos/q2.sparql,32768,0,5707,5000.053694,1141.387742865307,776309,NoOptimizer
resources/lupos/persistence-import.sparql,2097152,0,1,5061.241357,0.19757998669969376,53374433
resources/lupos/q2.sparql,2097152,0,83,5015.560584,16.54849913781841,53374433,WithOptimizer
resources/lupos/q2.sparql,2097152,0,90,5056.1016070000005,17.800275191344664,53374433,NoOptimizer
