resources/lupos/persistence-import.sparql,1024,0,1,129.660739,7.712434833492658,25114
resources/lupos/q2.sparql,1024,0,18430,5000.205515000001,3685.848500569081,25114,WithOptimizer
resources/lupos/q2.sparql,1024,0,68589,5000.072215,13717.601876676094,25114,NoOptimizer
