resources/lupos/persistence-import.sparql,1024,0,1,126.536914,7.902832212266532,23453
resources/lupos/q2.sparql,1024,0,22575,5000.118823,4514.892705380814,23453,WithOptimizer
resources/lupos/q2.sparql,1024,0,97799,5000.001889,19559.792610310353,23453,NoOptimizer
resources/lupos/persistence-import.sparql,32768,0,1,274.62219100000004,3.641366330807549,721328
resources/lupos/q2.sparql,32768,0,6889,5000.587952,1377.6380029961724,721328,WithOptimizer
resources/lupos/q2.sparql,32768,0,12523,5000.388859,2504.405227897497,721328,NoOptimizer
resources/lupos/persistence-import.sparql,2097152,0,1,5143.017073,0.19443839789096495,49569752
resources/lupos/q2.sparql,2097152,0,189,5020.685978,37.64425834003036,49569752,WithOptimizer
resources/lupos/q2.sparql,2097152,0,221,5004.8656359999995,44.157029593431425,49569752,NoOptimizer
