resources/lupos/persistence-import.sparql,1024,0,1,126.552532,7.90185691424965,22259
resources/lupos/q2.sparql,1024,0,18021,5000.033986,3604.1755016982797,22259,WithOptimizer
resources/lupos/q2.sparql,1024,0,67468,5000.005201999999,13493.585961273167,22259,NoOptimizer
