resources/lupos/persistence-import.sparql,1024,0,1,139.399305,7.173636913039129,56292
resources/lupos/q2.sparql,1024,0,22131,5000.140297,4426.075806968503,56292,WithOptimizer
resources/lupos/q2.sparql,1024,0,72762,5000.058563,14552.229555556109,56292,NoOptimizer
resources/lupos/persistence-import.sparql,32768,0,1,383.804215,2.6054950959827265,1830051
resources/lupos/q2.sparql,32768,0,3262,5000.342847,652.3552683906596,1830051,WithOptimizer
resources/lupos/q2.sparql,32768,0,4778,5000.6489710000005,955.4759847589389,1830051,NoOptimizer
resources/lupos/persistence-import.sparql,2097152,0,1,11887.729013,0.08412035628558116,125536565
resources/lupos/q2.sparql,2097152,0,66,5016.64728,13.15619702089161,125536565,WithOptimizer
resources/lupos/q2.sparql,2097152,0,76,5035.891516000001,15.09166743535545,125536565,NoOptimizer
