resources/lupos/persistence-import.sparql,1024,0,1,118.231799,8.457961466018123,27118
resources/lupos/q2.sparql,1024,0,23186,5000.135978,4637.073891993263,27118,WithOptimizer
resources/lupos/q2.sparql,1024,0,92728,5000.043009999999,18545.44047212106,27118,NoOptimizer
resources/lupos/persistence-import.sparql,32768,0,1,292.459972,3.4192713387799953,843302
resources/lupos/q2.sparql,32768,0,4772,5000.346655,954.3338350808799,843302,WithOptimizer
resources/lupos/q2.sparql,32768,0,7933,5000.372105,1586.4819324281066,843302,NoOptimizer
resources/lupos/persistence-import.sparql,2097152,0,1,5218.995294,0.1916077604342059,57991502
resources/lupos/q2.sparql,2097152,0,128,5025.505849,25.47007283365715,57991502,WithOptimizer
resources/lupos/q2.sparql,2097152,0,157,5011.399987,31.328570939711742,57991502,NoOptimizer
