resources/lupos/persistence-import.sparql,1024,0,1,124.95331,8.00298927655458,23599
resources/lupos/q2.sparql,1024,0,23649,5000.056249,4729.746791294548,23599,WithOptimizer
resources/lupos/q2.sparql,1024,0,93957,5000.025625,18791.303694568564,23599,NoOptimizer
resources/lupos/persistence-import.sparql,32768,0,1,281.160385,3.5566888272684642,725838
resources/lupos/q2.sparql,32768,0,4259,5000.472656,851.7194859349311,725838,WithOptimizer
resources/lupos/q2.sparql,32768,0,5961,5000.091849,1192.1780999267398,725838,NoOptimizer
resources/lupos/persistence-import.sparql,2097152,0,1,5389.371499,0.18555039306263268,49879538
resources/lupos/q2.sparql,2097152,0,87,5024.901062999999,17.313773725936542,49879538,WithOptimizer
resources/lupos/q2.sparql,2097152,0,95,5035.631204,18.86555948031654,49879538,NoOptimizer
