resources/lupos/persistence-import.sparql,1024,0,1,120.408199,8.305082280983209,22261
resources/lupos/q2.sparql,1024,0,22947,5000.08324,4589.323596940758,22261,WithOptimizer
resources/lupos/q2.sparql,1024,0,92161,5000.026589,18432.101981768083,22261,NoOptimizer
resources/lupos/persistence-import.sparql,32768,0,1,265.920582,3.7605212521684384,680666
resources/lupos/q2.sparql,32768,0,8196,5000.259117,1639.1150554848336,680666,WithOptimizer
resources/lupos/q2.sparql,32768,0,13562,5000.349901,2712.210198987833,680666,NoOptimizer
resources/lupos/persistence-import.sparql,2097152,0,1,5077.830997999999,0.1969344785980213,46764355
resources/lupos/q2.sparql,2097152,0,208,5015.821743,41.46877832934981,46764355,WithOptimizer
resources/lupos/q2.sparql,2097152,0,248,5002.716353000001,49.57306840938139,46764355,NoOptimizer
