resources/lupos/persistence-import.sparql,1024,0,1,146.13778,6.842857473269404,34460
resources/lupos/q2.sparql,1024,0,18758,5000.064763,3751.551407655237,34460,WithOptimizer
resources/lupos/q2.sparql,1024,0,70589,5000.0506319999995,14117.657038957761,34460,NoOptimizer
