resources/lupos/persistence-import.sparql,1024,0,1,124.205904,8.051147069466198,22263
resources/lupos/q2.sparql,1024,0,23450,5000.153685,4689.855847900803,22263,WithOptimizer
resources/lupos/q2.sparql,1024,0,96571,5000.017433,19314.13265934507,22263,NoOptimizer
resources/lupos/persistence-import.sparql,32768,0,1,287.659114,3.476336925657082,680599
resources/lupos/q2.sparql,32768,0,6225,5000.291123,1244.9275145934337,680599,WithOptimizer
resources/lupos/q2.sparql,32768,0,9772,5000.250508,1954.3020863385912,680599,NoOptimizer
resources/lupos/persistence-import.sparql,2097152,0,1,4719.595061999999,0.2118825845995853,46746609
resources/lupos/q2.sparql,2097152,0,176,5022.374963,35.04318201978103,46746609,WithOptimizer
resources/lupos/q2.sparql,2097152,0,199,5008.103332,39.73560184520569,46746609,NoOptimizer
