resources/lupos/persistence-import.sparql,1024,0,1,136.627868,7.3191510241527,23975
resources/lupos/q2.sparql,1024,0,18543,5000.153075,3708.4864646868837,23975,WithOptimizer
resources/lupos/q2.sparql,1024,0,71955,5000.090096,14390.740690365352,23975,NoOptimizer
