resources/lupos/persistence-import.sparql,1024,0,1,133.925195,7.466854911056878,34460
resources/lupos/q2.sparql,1024,0,17692,5000.081047,3538.3426455887206,34460,WithOptimizer
resources/lupos/q2.sparql,1024,0,60211,5000.018371,12042.155754711324,34460,NoOptimizer
