resources/lupos/persistence-import.sparql,1024,0,1,145.553923,6.870306065196195,56292
resources/lupos/q2.sparql,1024,0,17183,5000.127826,3436.5121448797136,56292,WithOptimizer
resources/lupos/q2.sparql,1024,0,62183,5000.018485,12436.55402205978,56292,NoOptimizer
resources/lupos/persistence-import.sparql,32768,0,1,397.02532299999996,2.5187310281465347,1830051
resources/lupos/q2.sparql,32768,0,3773,5000.831977,754.4744589206182,1830051,WithOptimizer
resources/lupos/q2.sparql,32768,0,5595,5000.823673,1118.8156923444478,1830051,NoOptimizer
resources/lupos/persistence-import.sparql,2097152,0,1,12791.569116,0.0781764919480579,125536565
resources/lupos/q2.sparql,2097152,0,33,5046.739164,6.538875683411484,125536565,WithOptimizer
resources/lupos/q2.sparql,2097152,0,42,5056.331336,8.306417678954098,125536565,NoOptimizer
