resources/lupos/persistence-import.sparql,1024,0,1,130.564659,7.659040414604077,27118
resources/lupos/q2.sparql,1024,0,18930,5000.053776,3785.9592812507385,27118,WithOptimizer
resources/lupos/q2.sparql,1024,0,70381,5000.105173999999,14075.903916176305,27118,NoOptimizer
