resources/lupos/persistence-import.sparql,1024,0,1,140.792937,7.102629018954267,22259
resources/lupos/q2.sparql,1024,0,19113,5000.0019680000005,3822.598495425232,22259,WithOptimizer
resources/lupos/q2.sparql,1024,0,78052,5000.00186,15610.39419293336,22259,NoOptimizer
