resources/lupos/persistence-import.sparql,1024,0,1,126.533268,7.903059928871828,22266
resources/lupos/q2.sparql,1024,0,18616,5002.094045,3721.6413431107335,22266,WithOptimizer
resources/lupos/q2.sparql,1024,0,61684,5000.018115999999,12336.755301468193,22266,NoOptimizer
