resources/lupos/persistence-import.sparql,1024,0,1,117.124009,8.537959113062804,23599
resources/lupos/q2.sparql,1024,0,23955,5000.09499,4790.908982311154,23599,WithOptimizer
resources/lupos/q2.sparql,1024,0,103678,5000.006453,20735.573238669178,23599,NoOptimizer
resources/lupos/persistence-import.sparql,32768,0,1,282.86291800000004,3.5352813549070436,725838
resources/lupos/q2.sparql,32768,0,5568,5000.187396,1113.5582647270846,725838,WithOptimizer
resources/lupos/q2.sparql,32768,0,8342,5000.2497809999995,1668.3166572394077,725838,NoOptimizer
resources/lupos/persistence-import.sparql,2097152,0,1,5182.612032,0.19295289591918272,49879538
resources/lupos/q2.sparql,2097152,0,123,5023.274626,24.486019411195137,49879538,WithOptimizer
resources/lupos/q2.sparql,2097152,0,138,5007.513246,27.55858910812355,49879538,NoOptimizer
