resources/lupos/persistence-import.sparql,1024,0,1,116.864553,8.55691460181258,22971
resources/lupos/q2.sparql,1024,0,23071,5000.097073,4614.110418891862,22971,WithOptimizer
resources/lupos/q2.sparql,1024,0,98684,5000.044930999999,19736.62264276161,22971,NoOptimizer
resources/lupos/persistence-import.sparql,32768,0,1,286.154271,3.49461846753285,705319
resources/lupos/q2.sparql,32768,0,7321,5000.357929,1464.0951915744351,705319,WithOptimizer
resources/lupos/q2.sparql,32768,0,11900,5000.09919,2379.9527864966212,705319,NoOptimizer
resources/lupos/persistence-import.sparql,2097152,0,1,4972.505872,0.20110584597415232,48471675
resources/lupos/q2.sparql,2097152,0,202,5016.407986,40.267857112848475,48471675,WithOptimizer
resources/lupos/q2.sparql,2097152,0,230,5014.115954,45.870498829712545,48471675,NoOptimizer
