resources/lupos/persistence-import.sparql,1024,0,1,121.730033,8.214899604931512,23453
resources/lupos/q2.sparql,1024,0,18051,5000.098706,3610.128731726681,23453,WithOptimizer
resources/lupos/q2.sparql,1024,0,61808,5000.025762,12361.536308420325,23453,NoOptimizer
