resources/lupos/persistence-import.sparql,1024,0,1,145.257792,6.884312271523444,71071
resources/lupos/q2.sparql,1024,0,20964,5000.020915,4192.782461590963,71071,WithOptimizer
resources/lupos/q2.sparql,1024,0,57750,5000.028392,11549.93441485242,71071,NoOptimizer
resources/lupos/persistence-import.sparql,32768,0,1,456.388356,2.191116374581651,2338376
resources/lupos/q2.sparql,32768,0,3083,5001.599010999999,616.4028730051267,2338376,WithOptimizer
resources/lupos/q2.sparql,32768,0,4404,5000.37219,880.7344398897634,2338376,NoOptimizer
resources/lupos/persistence-import.sparql,2097152,0,1,14625.354791,0.06837440966665435,159309173
resources/lupos/q2.sparql,2097152,0,40,5047.889467,7.924103778716912,159309173,WithOptimizer
resources/lupos/q2.sparql,2097152,0,47,5006.045835,9.388647557199205,159309173,NoOptimizer
