resources/lupos/persistence-import.sparql,1024,0,1,116.694757,8.569365288622178,22260
resources/lupos/q2.sparql,1024,0,23124,5000.117123,4624.691668447544,22260,WithOptimizer
resources/lupos/q2.sparql,1024,0,98082,5000.0432789999995,19616.230205834585,22260,NoOptimizer
resources/lupos/persistence-import.sparql,32768,0,1,318.74826499999995,3.1372719785627696,680656
resources/lupos/q2.sparql,32768,0,7022,5000.355386,1404.3001862748001,680656,WithOptimizer
resources/lupos/q2.sparql,32768,0,13081,5000.28039,2616.0532969632127,680656,NoOptimizer
resources/lupos/persistence-import.sparql,2097152,0,1,4665.057843,0.21435961431872005,46758901
resources/lupos/q2.sparql,2097152,0,205,5004.861761,40.96017228636497,46758901,WithOptimizer
resources/lupos/q2.sparql,2097152,0,237,5000.870277999999,47.391751200309784,46758901,NoOptimizer
