resources/lupos/persistence-import.sparql,1024,0,1,135.108948,7.401434285462721,46567
resources/lupos/q2.sparql,1024,0,20840,5000.164282,4167.863059024187,46567,WithOptimizer
resources/lupos/q2.sparql,1024,0,73110,5000.039116,14621.885610064495,46567,NoOptimizer
resources/lupos/persistence-import.sparql,32768,0,1,346.056265,2.8897034995161843,1494309
resources/lupos/q2.sparql,32768,0,3820,5000.498049,763.9239056925387,1494309,WithOptimizer
resources/lupos/q2.sparql,32768,0,5329,5000.238471000001,1065.7491699459388,1494309,NoOptimizer
resources/lupos/persistence-import.sparql,2097152,0,1,10558.496246,0.09471045655567115,103021399
resources/lupos/q2.sparql,2097152,0,72,5003.883962,14.38882287174828,103021399,WithOptimizer
resources/lupos/q2.sparql,2097152,0,84,5026.909095999999,16.71006942752163,103021399,NoOptimizer
