resources/lupos/persistence-import.sparql,1024,0,1,140.451093,7.119916112009181,23981
resources/lupos/q2.sparql,1024,0,19095,5000.019352,3818.9852189996086,23981,WithOptimizer
resources/lupos/q2.sparql,1024,0,66865,5000.052669,13372.859132976466,23981,NoOptimizer
