resources/lupos/persistence-import.sparql,1024,0,1,128.73106,7.76813303642493,22261
resources/lupos/q2.sparql,1024,0,23712,5000.085929,4742.318499462732,22261,WithOptimizer
resources/lupos/q2.sparql,1024,0,98619,5000.047063,19723.614349507574,22261,NoOptimizer
resources/lupos/persistence-import.sparql,32768,0,1,292.620074,3.4174005437508024,680656
resources/lupos/q2.sparql,32768,0,6876,5000.06466,1375.182216143581,680656,WithOptimizer
resources/lupos/q2.sparql,32768,0,12268,5000.014528000001,2453.5928708405545,680656,NoOptimizer
resources/lupos/persistence-import.sparql,2097152,0,1,4861.76371,0.2056866725018193,46761582
resources/lupos/q2.sparql,2097152,0,178,5001.541019,35.58903132530722,46761582,WithOptimizer
resources/lupos/q2.sparql,2097152,0,208,5016.391535000001,41.46406805544535,46761582,NoOptimizer
