resources/lupos/persistence-import.sparql,1024,0,1,127.72296,7.829445856876477,27118
resources/lupos/q2.sparql,1024,0,23595,5000.040838,4718.9614574104,27118,WithOptimizer
resources/lupos/q2.sparql,1024,0,84830,5000.010791000001,16965.963384057824,27118,NoOptimizer
resources/lupos/persistence-import.sparql,32768,0,1,339.883523,2.9421844023901094,843302
resources/lupos/q2.sparql,32768,0,3467,5000.22027,693.3694543020601,843302,WithOptimizer
resources/lupos/q2.sparql,32768,0,4620,5000.611551999999,923.8869990115961,843302,NoOptimizer
resources/lupos/persistence-import.sparql,2097152,0,1,5139.357733,0.19457684246787574,57991502
resources/lupos/q2.sparql,2097152,0,63,5008.622023,12.578309904540385,57991502,WithOptimizer
resources/lupos/q2.sparql,2097152,0,74,5042.729216,14.67459322725609,57991502,NoOptimizer
