resources/lupos/persistence-import.sparql,1024,0,1,119.926283,8.338455716166907,24450
resources/lupos/q2.sparql,1024,0,17185,5000.149858000001,3436.8969906981533,24450,WithOptimizer
resources/lupos/q2.sparql,1024,0,59294,5000.025025,11858.740647003062,24450,NoOptimizer
resources/lupos/persistence-import.sparql,65536,0,1,356.997387,2.8011409506479104,1514481
resources/lupos/q2.sparql,65536,0,3190,5001.207322,637.845982902446,1514481,WithOptimizer
resources/lupos/q2.sparql,65536,0,4585,5000.471096,916.9136091332783,1514481,NoOptimizer
resources/lupos/persistence-import.sparql,524288,0,1,1652.2539160000001,0.6052338507515451,12611306
resources/lupos/q2.sparql,524288,0,380,5002.164054,75.9671206097552,12611306,WithOptimizer
resources/lupos/q2.sparql,524288,0,469,5006.88986,93.6709240893907,12611306,NoOptimizer
resources/lupos/persistence-import.sparql,4194304,0,1,11993.943871000001,0.08337541102038061,104867104
resources/lupos/persistence-import.sparql,8192,0,1,198.703144,5.03263300151909,186867
