resources/lupos/persistence-import.sparql,1024,0,1,130.182873,7.681502005259939,22260
resources/lupos/q2.sparql,1024,0,23858,5000.127002,4771.478802529824,22260,WithOptimizer
resources/lupos/q2.sparql,1024,0,92025,5000.025315,18404.90681595679,22260,NoOptimizer
resources/lupos/persistence-import.sparql,32768,0,1,271.77259399999997,3.6795468788144254,680550
resources/lupos/q2.sparql,32768,0,5121,5000.282838,1024.1420667412253,680550,WithOptimizer
resources/lupos/q2.sparql,32768,0,7868,5000.247265999999,1573.5221842927158,680550,NoOptimizer
resources/lupos/persistence-import.sparql,2097152,0,1,4894.454581999999,0.20431285718282716,46734066
resources/lupos/q2.sparql,2097152,0,99,5022.808149,19.710089866703367,46734066,WithOptimizer
resources/lupos/q2.sparql,2097152,0,115,5045.788418,22.79128462655249,46734066,NoOptimizer
