resources/lupos/persistence-import.sparql,1024,0,1,136.242002,7.33988039899766,39657
resources/lupos/q2.sparql,1024,0,18700,5000.0661,3739.9505578536255,39657,WithOptimizer
resources/lupos/q2.sparql,1024,0,65325,5000.009003,13064.976475203359,39657,NoOptimizer
