resources/lupos/persistence-import.sparql,1024,0,1,124.883578,8.007457954159513,22259
resources/lupos/q2.sparql,1024,0,21743,5000.108158,4348.505934859019,22259,WithOptimizer
resources/lupos/q2.sparql,1024,0,96912,5000.010517,19382.359231145594,22259,NoOptimizer
resources/lupos/persistence-import.sparql,32768,0,1,279.705464,3.5751893641949017,680661
resources/lupos/q2.sparql,32768,0,7074,5000.428926,1414.6786415098024,680661,WithOptimizer
resources/lupos/q2.sparql,32768,0,11797,5000.211345000001,2359.300274736687,680661,NoOptimizer
resources/lupos/persistence-import.sparql,2097152,0,1,4704.834142000001,0.2125473438209036,46763736
resources/lupos/q2.sparql,2097152,0,178,5007.253684,35.54842858646744,46763736,WithOptimizer
resources/lupos/q2.sparql,2097152,0,232,5002.913725,46.37297637987951,46763736,NoOptimizer
