resources/lupos/persistence-import.sparql,1024,0,1,128.59679,7.776243870472973,25973
resources/lupos/q2.sparql,1024,0,18988,5000.107347,3797.5184695569696,25973,WithOptimizer
resources/lupos/q2.sparql,1024,0,70243,5000.048125,14048.464783526459,25973,NoOptimizer
resources/lupos/persistence-import.sparql,32768,0,1,290.185224,3.4460748421842453,805780
resources/lupos/q2.sparql,32768,0,5602,5000.374201,1120.3161553148732,805780,WithOptimizer
resources/lupos/q2.sparql,32768,0,9960,5000.275755,1991.8901452665984,805780,NoOptimizer
resources/lupos/persistence-import.sparql,2097152,0,1,5334.364619999999,0.18746375083748965,55403670
resources/lupos/q2.sparql,2097152,0,79,5039.2896550000005,15.676812687600908,55403670,WithOptimizer
resources/lupos/q2.sparql,2097152,0,91,5038.125523,18.062273276949476,55403670,NoOptimizer
