resources/lupos/persistence-import.sparql,1024,0,1,117.472251,8.512648659469376,23316
resources/lupos/q2.sparql,1024,0,18788,5000.137994,3757.4962976111815,23316,WithOptimizer
resources/lupos/q2.sparql,1024,0,66938,5000.043557,13387.483376277316,23316,NoOptimizer
