resources/lupos/persistence-import.sparql,1024,0,1,116.582197,8.577639002634339,22260
resources/lupos/q2.sparql,1024,0,18094,5000.197115,3618.6573416716196,22260,WithOptimizer
resources/lupos/q2.sparql,1024,0,59180,5000.040265,11835.904685459567,22260,NoOptimizer
