resources/lupos/persistence-import.sparql,32,0,1,135.15624,7.3988444780647935,40551
resources/lupos/q2.sparql,32,0,22634,5000.0550840000005,4526.75012969917,40551,WithOptimizer
resources/lupos/q2.sparql,32,0,80142,5000.06102,16028.2043917936,40551,NoOptimizer
