resources/lupos/persistence-import.sparql,1024,0,1,118.571306,8.433743658014528,25973
resources/lupos/q2.sparql,1024,0,18452,5000.0592480000005,3690.3562707543338,25973,WithOptimizer
resources/lupos/q2.sparql,1024,0,60253,5000.128001,12050.291510127281,25973,NoOptimizer
