resources/lupos/persistence-import.sparql,1024,0,1,124.505396,8.031780405726352,22259
resources/lupos/q2.sparql,1024,0,21859,5000.037258,4371.767423337868,22259,WithOptimizer
resources/lupos/q2.sparql,1024,0,86755,5000.037652999999,17350.86933754337,22259,NoOptimizer
resources/lupos/persistence-import.sparql,32768,0,1,275.606351,3.6283634116980124,680640
resources/lupos/q2.sparql,32768,0,7529,5000.098909,1505.7702131547974,680640,WithOptimizer
resources/lupos/q2.sparql,32768,0,12353,5000.362362,2470.420962663826,680640,NoOptimizer
resources/lupos/persistence-import.sparql,2097152,0,1,4899.743778999999,0.20409230463967085,46755406
resources/lupos/q2.sparql,2097152,0,173,5019.110312999999,34.46826015198602,46755406,WithOptimizer
resources/lupos/q2.sparql,2097152,0,193,5028.826912,38.37873193437125,46755406,NoOptimizer
