resources/lupos/persistence-import.sparql,1024,0,1,128.082906,7.807443094709297,22263
resources/lupos/q2.sparql,1024,0,19009,5000.012539,3801.7904658698694,22263,WithOptimizer
resources/lupos/q2.sparql,1024,0,74576,5000.074116999999,14914.978909301637,22263,NoOptimizer
