resources/lupos/persistence-import.sparql,1024,0,1,121.463985,8.232893067027234,24450
resources/lupos/q2.sparql,1024,0,21486,5000.041983,4297.163918433443,24450,WithOptimizer
resources/lupos/q2.sparql,1024,0,82726,5000.061667,16544.995943947026,24450,NoOptimizer
resources/lupos/persistence-import.sparql,32768,0,1,284.356688,3.5167099709643543,754522
resources/lupos/q2.sparql,32768,0,5798,5000.481266000001,1159.4883955315672,754522,WithOptimizer
resources/lupos/q2.sparql,32768,0,8446,5000.387807,1689.0689934441718,754522,NoOptimizer
resources/lupos/persistence-import.sparql,2097152,0,1,4970.532324,0.20118569497507208,51851110
resources/lupos/q2.sparql,2097152,0,78,5016.63638,15.54826662561499,51851110,WithOptimizer
resources/lupos/q2.sparql,2097152,0,82,5035.35059,16.284864089274862,51851110,NoOptimizer
