resources/lupos/persistence-import.sparql,1024,0,1,129.178845,7.741205613039814,22260
resources/lupos/q2.sparql,1024,0,19675,5000.074919000001,3934.94103963045,22260,WithOptimizer
resources/lupos/q2.sparql,1024,0,78072,5000.003587,15614.388798237476,22260,NoOptimizer
