resources/lupos/persistence-import.sparql,1024,0,1,119.633579,8.35885717336936,22266
resources/lupos/q2.sparql,1024,0,21069,5000.117927,4213.70061818544,22266,WithOptimizer
resources/lupos/q2.sparql,1024,0,86791,5000.040634,17358.05893452665,22266,NoOptimizer
resources/lupos/persistence-import.sparql,32768,0,1,275.431085,3.630672260540236,680593
resources/lupos/q2.sparql,32768,0,6055,5000.556167,1210.8653113344783,680593,WithOptimizer
resources/lupos/q2.sparql,32768,0,10063,5000.004092,2012.5983528895079,680593,NoOptimizer
resources/lupos/persistence-import.sparql,2097152,0,1,5044.491725,0.19823602743644106,46744126
resources/lupos/q2.sparql,2097152,0,107,5018.62373,21.32058623171576,46744126,WithOptimizer
resources/lupos/q2.sparql,2097152,0,108,5027.536598000001,21.481693448629173,46744126,NoOptimizer
