resources/lupos/persistence-import.sparql,1024,0,1,128.907813,7.75748169740495,30264
resources/lupos/q2.sparql,1024,0,22709,5000.0039799999995,4541.796384730078,30264,WithOptimizer
resources/lupos/q2.sparql,1024,0,80409,5000.013156999999,16081.757682462836,30264,NoOptimizer
resources/lupos/persistence-import.sparql,32768,0,1,345.745408,2.8923016093969354,951799
resources/lupos/q2.sparql,32768,0,3225,5001.292999,644.833246251486,951799,WithOptimizer
resources/lupos/q2.sparql,32768,0,4310,5000.857442,861.8522023447834,951799,NoOptimizer
resources/lupos/persistence-import.sparql,2097152,0,1,5916.166553,0.16902837184205283,65496511
resources/lupos/q2.sparql,2097152,0,65,5006.933605,12.98199759131817,65496511,WithOptimizer
resources/lupos/q2.sparql,2097152,0,71,5065.144168,14.017370018519086,65496511,NoOptimizer
