resources/lupos/persistence-import.sparql,1024,0,1,141.59949,7.062172328445533,23599
resources/lupos/q2.sparql,1024,0,18278,5000.095189,3655.530406743223,23599,WithOptimizer
resources/lupos/q2.sparql,1024,0,71971,5000.046682,14394.065611245827,23599,NoOptimizer
