resources/lupos/persistence-import.sparql,1024,0,1,147.92315,6.760267071110911,71071
resources/lupos/q2.sparql,1024,0,22357,5000.165412,4471.25208025018,71071,WithOptimizer
resources/lupos/q2.sparql,1024,0,72645,5000.0412479999995,14528.880142550377,71071,NoOptimizer
resources/lupos/persistence-import.sparql,32768,0,1,410.11492,2.4383409411196255,2338376
resources/lupos/q2.sparql,32768,0,2516,5001.313368,503.0678573548643,2338376,WithOptimizer
resources/lupos/q2.sparql,32768,0,3061,5000.574789,612.1296309243141,2338376,NoOptimizer
resources/lupos/persistence-import.sparql,2097152,0,1,14861.149211,0.067289547113881,159309173
resources/lupos/q2.sparql,2097152,0,43,5053.927751,8.508234014918747,159309173,WithOptimizer
resources/lupos/q2.sparql,2097152,0,48,5102.850978,9.406506324982473,159309173,NoOptimizer
