resources/lupos/persistence-import.sparql,1024,0,1,123.778524,8.078945908257882,22260
resources/lupos/q2.sparql,1024,0,24648,5000.027692,4929.57269805457,22260,WithOptimizer
resources/lupos/q2.sparql,1024,0,92386,5000.051781,18477.008648403036,22260,NoOptimizer
resources/lupos/persistence-import.sparql,32768,0,1,272.676246,3.6673528210447786,680550
resources/lupos/q2.sparql,32768,0,3222,5000.621616,644.3198960886946,680550,WithOptimizer
resources/lupos/q2.sparql,32768,0,3973,5001.110403000001,794.4235739360461,680550,NoOptimizer
resources/lupos/persistence-import.sparql,2097152,0,1,4791.000948,0.20872465083052202,46734066
resources/lupos/q2.sparql,2097152,0,58,5070.20099,11.439388717408617,46734066,WithOptimizer
resources/lupos/q2.sparql,2097152,0,60,5044.853177,11.893309457160441,46734066,NoOptimizer
