resources/lupos/persistence-import.sparql,1024,0,1,128.355884,7.790838790062791,23975
resources/lupos/q2.sparql,1024,0,21669,5000.014368,4333.787546428106,23975,WithOptimizer
resources/lupos/q2.sparql,1024,0,89417,5000.051365,17883.216285719096,23975,NoOptimizer
resources/lupos/persistence-import.sparql,32768,0,1,306.15107400000005,3.2663612344538104,738711
resources/lupos/q2.sparql,32768,0,5948,5000.228955,1189.5455295206577,738711,WithOptimizer
resources/lupos/q2.sparql,32768,0,8890,5000.023123,1777.9917774992257,738711,NoOptimizer
resources/lupos/persistence-import.sparql,2097152,0,1,5131.222639,0.19488532662751218,50764649
resources/lupos/q2.sparql,2097152,0,106,5024.668934,21.095917241977638,50764649,WithOptimizer
resources/lupos/q2.sparql,2097152,0,118,5021.954146,23.49682943520847,50764649,NoOptimizer
