resources/lupos/persistence-import.sparql,1024,0,1,125.413372,7.973631392352644,23453
resources/lupos/q2.sparql,1024,0,23619,5000.14935,4723.658904308529,23453,WithOptimizer
resources/lupos/q2.sparql,1024,0,93291,5000.011117999999,18658.158511718735,23453,NoOptimizer
resources/lupos/persistence-import.sparql,32768,0,1,285.867911,3.4981191015874464,721328
resources/lupos/q2.sparql,32768,0,6210,5000.024227,1241.9939820423594,721328,WithOptimizer
resources/lupos/q2.sparql,32768,0,10535,5000.149569,2106.9369735087616,721328,NoOptimizer
resources/lupos/persistence-import.sparql,2097152,0,1,4823.149306,0.2073334115441957,49569752
resources/lupos/q2.sparql,2097152,0,164,5021.372066,32.66039597233861,49569752,WithOptimizer
resources/lupos/q2.sparql,2097152,0,185,5026.303669,36.80637147751289,49569752,NoOptimizer
