resources/lupos/persistence-import.sparql,1024,0,1,134.027751,7.461141387054984,22263
resources/lupos/q2.sparql,1024,0,17676,5000.156602,3535.089279589728,22263,WithOptimizer
resources/lupos/q2.sparql,1024,0,68129,5000.005034,13625.786281558372,22263,NoOptimizer
