resources/lupos/persistence-import.sparql,1024,0,1,124.952468,8.003043205197036,22260
resources/lupos/q2.sparql,1024,0,18291,5000.054242,3658.1603148136405,22260,WithOptimizer
resources/lupos/q2.sparql,1024,0,67549,5000.044047,13509.680987816306,22260,NoOptimizer
