resources/lupos/persistence-import.sparql,1024,0,1,121.256546,8.24697744565477,25973
resources/lupos/q2.sparql,1024,0,22344,5000.097332,4468.713010245057,25973,WithOptimizer
resources/lupos/q2.sparql,1024,0,87456,5000.040778,17491.05734993268,25973,NoOptimizer
resources/lupos/persistence-import.sparql,32768,0,1,351.588998,2.8442300688828723,805780
resources/lupos/q2.sparql,32768,0,4983,5000.4412680000005,996.5120542237713,805780,WithOptimizer
resources/lupos/q2.sparql,32768,0,7686,5000.399678,1537.077132817142,805780,NoOptimizer
resources/lupos/persistence-import.sparql,2097152,0,1,5507.556098,0.1815687361519817,55403670
resources/lupos/q2.sparql,2097152,0,103,5020.679915,20.51514968964119,55403670,WithOptimizer
resources/lupos/q2.sparql,2097152,0,106,5038.550733,21.037795512458125,55403670,NoOptimizer
