resources/lupos/persistence-import.sparql,1024,0,1,124.8484,8.009714181359152,22262
resources/lupos/q2.sparql,1024,0,24821,5000.162734,4964.038436433817,22262,WithOptimizer
resources/lupos/q2.sparql,1024,0,99531,5000.045336,19906.019508139914,22262,NoOptimizer
resources/lupos/persistence-import.sparql,32768,0,1,300.438621,3.328466881759519,680620
resources/lupos/q2.sparql,32768,0,4537,5000.065858,907.3880482475837,680620,WithOptimizer
resources/lupos/q2.sparql,32768,0,6125,5000.318509999999,1224.9219700206659,680620,NoOptimizer
resources/lupos/persistence-import.sparql,2097152,0,1,4927.273167,0.20295201140813876,46752468
resources/lupos/q2.sparql,2097152,0,92,5021.7942029999995,18.32014540640466,46752468,WithOptimizer
resources/lupos/q2.sparql,2097152,0,98,5010.239382,19.559943653007675,46752468,NoOptimizer
