resources/lupos/persistence-import.sparql,1024,0,1,123.820298,8.076220265598133,25973
resources/lupos/q2.sparql,1024,0,21581,5000.116869,4316.099116362474,25973,WithOptimizer
resources/lupos/q2.sparql,1024,0,84314,5000.066548999999,16862.57556249178,25973,NoOptimizer
resources/lupos/persistence-import.sparql,32768,0,1,298.613905,3.3488058769399904,805780
resources/lupos/q2.sparql,32768,0,5658,5000.354877000001,1131.5196899373987,805780,WithOptimizer
resources/lupos/q2.sparql,32768,0,9071,5000.127082,1814.1538907390516,805780,NoOptimizer
resources/lupos/persistence-import.sparql,2097152,0,1,5229.155914,0.19123545299590394,55403670
resources/lupos/q2.sparql,2097152,0,82,5049.401656,16.239547888325088,55403670,WithOptimizer
resources/lupos/q2.sparql,2097152,0,96,5041.460498,19.042101001898992,55403670,NoOptimizer
