resources/lupos/persistence-import.sparql,1024,0,1,126.329781,7.915789864307609,22260
resources/lupos/q2.sparql,1024,0,20009,5000.017621,4001.7858969061426,22260,WithOptimizer
resources/lupos/q2.sparql,1024,0,77737,5000.0592289999995,15547.215830790712,22260,NoOptimizer
