resources/lupos/persistence-import.sparql,1024,0,1,144.453626,6.922636888325669,56292
resources/lupos/q2.sparql,1024,0,17731,5000.194117,3546.062329803745,56292,WithOptimizer
resources/lupos/q2.sparql,1024,0,66534,5000.050205,13306.6663877628,56292,NoOptimizer
