resources/lupos/persistence-import.sparql,1024,0,1,161.761156,6.181953843109282,95196
resources/lupos/q2.sparql,1024,0,19290,5000.186820999999,3857.8558543022887,95196,WithOptimizer
resources/lupos/q2.sparql,1024,0,53864,5000.061391,10772.667731031064,95196,NoOptimizer
resources/lupos/persistence-import.sparql,32768,0,1,490.676508,2.0380026019097697,3184950
resources/lupos/q2.sparql,32768,0,2865,5000.199524000001,572.9771354620048,3184950,WithOptimizer
resources/lupos/q2.sparql,32768,0,3725,5000.616448,744.9081605708466,3184950,NoOptimizer
resources/lupos/persistence-import.sparql,2097152,0,1,24986.081258,0.04002228239291513,215596578
resources/lupos/q2.sparql,2097152,0,29,5011.962675999999,5.786156417099384,215596578,WithOptimizer
resources/lupos/q2.sparql,2097152,0,35,5121.151158,6.834400883739741,215596578,NoOptimizer
