resources/lupos/persistence-import.sparql,1024,0,1,139.910151,7.147444219397633,46567
resources/lupos/q2.sparql,1024,0,17567,5000.013984,3513.390173750362,46567,WithOptimizer
resources/lupos/q2.sparql,1024,0,71607,5000.0155460000005,14321.355472041565,46567,NoOptimizer
