resources/lupos/persistence-import.sparql,1024,0,1,125.405607,7.974125112284653,23071
resources/lupos/q2.sparql,1024,0,23956,5000.05121,4791.150929032186,23071,WithOptimizer
resources/lupos/q2.sparql,1024,0,111962,5000.000166999999,22392.399252093866,23071,NoOptimizer
resources/lupos/persistence-import.sparql,32768,0,1,289.697098,3.451881316394823,708685
resources/lupos/q2.sparql,32768,0,6363,5000.186054000001,1272.5526472979518,708685,WithOptimizer
resources/lupos/q2.sparql,32768,0,9649,5000.106384000001,1929.758940904966,708685,NoOptimizer
resources/lupos/persistence-import.sparql,2097152,0,1,5000.293593,0.1999882569695343,48704636
resources/lupos/q2.sparql,2097152,0,147,5010.206961,29.340105337816205,48704636,WithOptimizer
resources/lupos/q2.sparql,2097152,0,158,5015.107349,31.50480917053646,48704636,NoOptimizer
