resources/lupos/persistence-import.sparql,1024,0,1,133.368962,7.497996422885858,34460
resources/lupos/q2.sparql,1024,0,22990,5000.076357,4597.929783175109,34460,WithOptimizer
resources/lupos/q2.sparql,1024,0,81184,5000.056653,16236.616029398418,34460,NoOptimizer
resources/lupos/persistence-import.sparql,32768,0,1,313.262155,3.1922145207741424,1087524
resources/lupos/q2.sparql,32768,0,4477,5000.657467,895.282276289531,1087524,WithOptimizer
resources/lupos/q2.sparql,32768,0,6645,5000.280927999999,1328.9253335327803,1087524,NoOptimizer
resources/lupos/persistence-import.sparql,2097152,0,1,8318.388425000001,0.1202155933226934,74877836
resources/lupos/q2.sparql,2097152,0,95,5013.634786,18.94832871857292,74877836,WithOptimizer
resources/lupos/q2.sparql,2097152,0,142,5002.210845,28.387447950527164,74877836,NoOptimizer
