resources/lupos/persistence-import.sparql,1024,0,1,119.174605,8.391049418624043,25114
resources/lupos/q2.sparql,1024,0,18381,5000.095462,3676.129813859142,25114,WithOptimizer
resources/lupos/q2.sparql,1024,0,65370,5000.010198,13073.973334323988,25114,NoOptimizer
