resources/lupos/persistence-import.sparql,1024,0,1,135.161012,7.398583254170959,23163
resources/lupos/q2.sparql,1024,0,20055,5000.033886,4010.972816835026,23163,WithOptimizer
resources/lupos/q2.sparql,1024,0,77830,5000.022279000001,15565.930641326247,23163,NoOptimizer
