resources/lupos/persistence-import.sparql,1024,0,1,123.204077,8.11661451755367,22261
resources/lupos/q2.sparql,1024,0,24840,5000.062888,4967.937515269107,22261,WithOptimizer
resources/lupos/q2.sparql,1024,0,108200,5000.004261,21639.981558407715,22261,NoOptimizer
resources/lupos/persistence-import.sparql,32768,0,1,299.758798,3.336015512045121,680656
resources/lupos/q2.sparql,32768,0,4753,5000.790755,950.4496854317994,680656,WithOptimizer
resources/lupos/q2.sparql,32768,0,6705,5000.688381,1340.815401630602,680656,NoOptimizer
resources/lupos/persistence-import.sparql,2097152,0,1,4876.058268999999,0.20508368539350613,46761582
resources/lupos/q2.sparql,2097152,0,101,5044.083428999999,20.023459449405554,46761582,WithOptimizer
resources/lupos/q2.sparql,2097152,0,109,5012.253624999999,21.746704806862205,46761582,NoOptimizer
