resources/lupos/persistence-import.sparql,1024,0,1,119.167024,8.391583228595186,23316
resources/lupos/q2.sparql,1024,0,21906,5000.037684999999,4381.166979144478,23316,WithOptimizer
resources/lupos/q2.sparql,1024,0,86474,5000.03115,17294.692254067257,23316,NoOptimizer
resources/lupos/persistence-import.sparql,32768,0,1,289.040492,3.4597228681717027,716028
resources/lupos/q2.sparql,32768,0,7501,5000.507318,1500.0477997500652,716028,WithOptimizer
resources/lupos/q2.sparql,32768,0,12079,5000.078383,2415.7621290634074,716028,NoOptimizer
resources/lupos/persistence-import.sparql,2097152,0,1,5213.296828,0.19181719993941615,49206171
resources/lupos/q2.sparql,2097152,0,223,5008.921886,44.52055853042704,49206171,WithOptimizer
resources/lupos/q2.sparql,2097152,0,270,5004.993546,53.94612351014609,49206171,NoOptimizer
