resources/lupos/persistence-import.sparql,1024,0,1,136.053213,7.350065301287666,23975
resources/lupos/q2.sparql,1024,0,23494,5000.141794,4698.666751449329,23975,WithOptimizer
resources/lupos/q2.sparql,1024,0,95055,5000.009604,19010.963483741343,23975,NoOptimizer
resources/lupos/persistence-import.sparql,32768,0,1,278.5612,3.5898754026045263,738711
resources/lupos/q2.sparql,32768,0,3973,5000.960225,794.4474303432397,738711,WithOptimizer
resources/lupos/q2.sparql,32768,0,5380,5000.714712999999,1075.8462157447213,738711,NoOptimizer
resources/lupos/persistence-import.sparql,2097152,0,1,5114.301004999999,0.19553014166009183,50764649
resources/lupos/q2.sparql,2097152,0,80,5000.026003,15.999916790832737,50764649,WithOptimizer
resources/lupos/q2.sparql,2097152,0,86,5005.558822,17.180898888256035,50764649,NoOptimizer
