resources/lupos/persistence-import.sparql,1024,0,1,115.582341,8.651840682133267,22259
resources/lupos/q2.sparql,1024,0,21788,5000.0066480000005,4357.594206142743,22259,WithOptimizer
resources/lupos/q2.sparql,1024,0,91212,5000.039158,18242.25713393903,22259,NoOptimizer
resources/lupos/persistence-import.sparql,32768,0,1,284.970262,3.509138086836584,680661
resources/lupos/q2.sparql,32768,0,7064,5000.297117,1412.716051608979,680661,WithOptimizer
resources/lupos/q2.sparql,32768,0,13291,5000.105307,2658.144015765626,680661,NoOptimizer
resources/lupos/persistence-import.sparql,2097152,0,1,4705.4075219999995,0.2125214437483955,46763736
resources/lupos/q2.sparql,2097152,0,216,5009.996942,43.11379877085761,46763736,WithOptimizer
resources/lupos/q2.sparql,2097152,0,263,5002.8015510000005,52.57054418787198,46763736,NoOptimizer
