resources/lupos/persistence-import.sparql,1024,0,1,144.580977,6.916539234618673,56292
resources/lupos/q2.sparql,1024,0,17612,5000.131368,3522.3074563028163,56292,WithOptimizer
resources/lupos/q2.sparql,1024,0,61815,5000.031011,12362.923322676968,56292,NoOptimizer
