resources/lupos/persistence-import.sparql,1024,0,1,115.352777,8.669058743163157,22260
resources/lupos/q2.sparql,1024,0,23748,5000.171168999999,4749.437408709638,22260,WithOptimizer
resources/lupos/q2.sparql,1024,0,98869,5000.033006,19773.669470053093,22260,NoOptimizer
resources/lupos/persistence-import.sparql,32768,0,1,262.132946,3.814858129279179,680635
resources/lupos/q2.sparql,32768,0,6401,5000.335647,1280.1140667107702,680635,WithOptimizer
resources/lupos/q2.sparql,32768,0,11754,5000.11697,2350.745006671314,680635,NoOptimizer
resources/lupos/persistence-import.sparql,2097152,0,1,4670.843965999999,0.2140940710670702,46756687
resources/lupos/q2.sparql,2097152,0,190,5020.285653,37.84645200148335,46756687,WithOptimizer
resources/lupos/q2.sparql,2097152,0,240,5007.4919820000005,47.928184580765645,46756687,NoOptimizer
