resources/lupos/persistence-import.sparql,1024,0,1,117.935604,8.479203616916228,23782
resources/lupos/q2.sparql,1024,0,24993,5000.0670740000005,4998.53294568024,23782,WithOptimizer
resources/lupos/q2.sparql,1024,0,99029,5000.001471,19805.794173135353,23782,NoOptimizer
resources/lupos/persistence-import.sparql,32768,0,1,305.92503500000004,3.2687746525876835,731538
resources/lupos/q2.sparql,32768,0,7563,5000.494391,1512.4504516217544,731538,WithOptimizer
resources/lupos/q2.sparql,32768,0,12420,5000.383043,2483.809718814775,731538,NoOptimizer
resources/lupos/persistence-import.sparql,2097152,0,1,4849.7942219999995,0.20619431551625944,50283969
resources/lupos/q2.sparql,2097152,0,197,5003.746609,39.37049882695209,50283969,WithOptimizer
resources/lupos/q2.sparql,2097152,0,213,5018.064187,42.44664716561546,50283969,NoOptimizer
