resources/lupos/persistence-import.sparql,1024,0,1,148.859579,6.71774034776761,71071
