resources/lupos/persistence-import.sparql,1024,0,1,116.202545,8.605663499022333,23782
resources/lupos/q2.sparql,1024,0,23519,5000.064313,4703.739497680337,23782,WithOptimizer
resources/lupos/q2.sparql,1024,0,98386,5000.028722999999,19677.086963006233,23782,NoOptimizer
resources/lupos/persistence-import.sparql,32768,0,1,276.161438,3.621070368267709,731538
resources/lupos/q2.sparql,32768,0,6956,5000.509717,1391.0581907984322,731538,WithOptimizer
resources/lupos/q2.sparql,32768,0,11570,5000.409973,2313.8102800516112,731538,NoOptimizer
resources/lupos/persistence-import.sparql,2097152,0,1,5187.371974000001,0.19277584198938727,50283969
resources/lupos/q2.sparql,2097152,0,209,5012.795397999999,41.69330351751173,50283969,WithOptimizer
resources/lupos/q2.sparql,2097152,0,234,5021.429873,46.60027241607164,50283969,NoOptimizer
