resources/lupos/persistence-import.sparql,1024,0,1,125.109885,7.992973536823249,23316
resources/lupos/q2.sparql,1024,0,24647,5000.092816,4929.308496260522,23316,WithOptimizer
resources/lupos/q2.sparql,1024,0,107889,5000.032123000001,21577.66137215675,23316,NoOptimizer
resources/lupos/persistence-import.sparql,32768,0,1,329.777262,3.032349756121148,716028
resources/lupos/q2.sparql,32768,0,5522,5000.1664359999995,1104.363238839996,716028,WithOptimizer
resources/lupos/q2.sparql,32768,0,8676,5000.118271,1735.1589562030183,716028,NoOptimizer
resources/lupos/persistence-import.sparql,2097152,0,1,5178.366922,0.1931110744106518,49206171
resources/lupos/q2.sparql,2097152,0,133,5028.741704,26.447968066088606,49206171,WithOptimizer
resources/lupos/q2.sparql,2097152,0,148,5012.377972,29.526903363384264,49206171,NoOptimizer
