resources/lupos/persistence-import.sparql,1024,0,1,121.87292,8.205268241706197,22263
resources/lupos/q2.sparql,1024,0,18555,5000.141491,3710.8949883514406,22263,WithOptimizer
resources/lupos/q2.sparql,1024,0,64248,5000.003798,12849.590239451254,22263,NoOptimizer
