resources/lupos/persistence-import.sparql,1024,0,1,154.814099,6.459360009581556,71071
resources/lupos/q2.sparql,1024,0,16534,5000.041363,3306.7726443926217,71071,WithOptimizer
resources/lupos/q2.sparql,1024,0,47815,5000.0443780000005,9562.91512339053,71071,NoOptimizer
