resources/lupos/persistence-import.sparql,1024,0,1,119.187664,8.390130038961079,22263
resources/lupos/q2.sparql,1024,0,23451,5000.068942000001,4690.135330538008,22263,WithOptimizer
resources/lupos/q2.sparql,1024,0,97888,5000.038323,19577.449946677138,22263,NoOptimizer
resources/lupos/persistence-import.sparql,32768,0,1,307.278824,3.254373298434649,680599
resources/lupos/q2.sparql,32768,0,4323,5000.488762,864.5154915358652,680599,WithOptimizer
resources/lupos/q2.sparql,32768,0,5763,5000.792787,1152.417275713048,680599,NoOptimizer
resources/lupos/persistence-import.sparql,2097152,0,1,4745.849373,0.21071043798591285,46746609
resources/lupos/q2.sparql,2097152,0,83,5012.97909,16.55702098689584,46746609,WithOptimizer
resources/lupos/q2.sparql,2097152,0,90,5018.378987,17.934077962852747,46746609,NoOptimizer
