resources/lupos/persistence-import.sparql,1024,0,1,123.64369,8.087756035103773,23782
resources/lupos/q2.sparql,1024,0,25446,5000.131593,5089.066062905917,23782,WithOptimizer
resources/lupos/q2.sparql,1024,0,99086,5000.03303,19817.069088441604,23782,NoOptimizer
resources/lupos/persistence-import.sparql,32768,0,1,295.246567,3.3869995853330277,731538
resources/lupos/q2.sparql,32768,0,3561,5000.025991,712.1962978612045,731538,WithOptimizer
resources/lupos/q2.sparql,32768,0,4439,5000.627824,887.6885375663181,731538,NoOptimizer
resources/lupos/persistence-import.sparql,2097152,0,1,4992.630166,0.20029522851703252,50283969
resources/lupos/q2.sparql,2097152,0,66,5012.256098,13.167723019247848,50283969,WithOptimizer
resources/lupos/q2.sparql,2097152,0,71,5048.557650000001,14.063422649041156,50283969,NoOptimizer
