resources/lupos/persistence-import.sparql,1024,0,1,126.06712,7.932282422252527,25114
resources/lupos/q2.sparql,1024,0,23511,5000.152527,4702.056561883757,25114,WithOptimizer
resources/lupos/q2.sparql,1024,0,92022,5000.029766,18404.29043557818,25114,NoOptimizer
resources/lupos/persistence-import.sparql,32768,0,1,314.094296,3.183757275235587,776309
resources/lupos/q2.sparql,32768,0,6327,5000.164754,1265.3583054315493,776309,WithOptimizer
resources/lupos/q2.sparql,32768,0,10208,5000.4386859999995,2041.420891446963,776309,NoOptimizer
resources/lupos/persistence-import.sparql,2097152,0,1,5055.441493,0.1978066606812969,53374433
resources/lupos/q2.sparql,2097152,0,152,5026.947937,30.237034857916413,53374433,WithOptimizer
resources/lupos/q2.sparql,2097152,0,172,5007.825032000001,34.346247902217044,53374433,NoOptimizer
