resources/lupos/persistence-import.sparql,1024,0,1,150.201947,6.65770331192844,25114
resources/lupos/q2.sparql,1024,0,23251,5000.08532,4650.120650341222,25114,WithOptimizer
resources/lupos/q2.sparql,1024,0,93525,5000.045418,18704.83009280537,25114,NoOptimizer
resources/lupos/persistence-import.sparql,32768,0,1,338.135067,2.9573980861322497,776309
resources/lupos/q2.sparql,32768,0,6430,5000.342769000001,1285.9118458565015,776309,WithOptimizer
resources/lupos/q2.sparql,32768,0,11895,5000.06635,2378.9684310889193,776309,NoOptimizer
resources/lupos/persistence-import.sparql,2097152,0,1,5250.553685,0.19045610424988924,53374433
resources/lupos/q2.sparql,2097152,0,179,5007.573766,35.7458538534887,53374433,WithOptimizer
resources/lupos/q2.sparql,2097152,0,206,5025.884317,40.98781169777569,53374433,NoOptimizer
