resources/lupos/persistence-import.sparql,1024,0,1,116.520815,8.582157617074683,22261
resources/lupos/q2.sparql,1024,0,21597,5000.041481,4319.364165691009,22261,WithOptimizer
resources/lupos/q2.sparql,1024,0,86092,5000.009069,17218.368769322726,22261,NoOptimizer
