resources/lupos/persistence-import.sparql,1024,0,1,125.167683,7.989282664919187,23071
resources/lupos/q2.sparql,1024,0,21275,5000.120227,4254.897689283102,23071,WithOptimizer
resources/lupos/q2.sparql,1024,0,93423,5000.046333,18684.426858890067,23071,NoOptimizer
resources/lupos/persistence-import.sparql,32768,0,1,287.168119,3.482280705401006,708685
resources/lupos/q2.sparql,32768,0,8300,5000.114676,1659.9619284411788,708685,WithOptimizer
resources/lupos/q2.sparql,32768,0,13091,5000.0080960000005,2618.195760617424,708685,NoOptimizer
resources/lupos/persistence-import.sparql,2097152,0,1,4920.773307,0.20322009115466858,48704636
resources/lupos/q2.sparql,2097152,0,212,5016.004415,42.264715590366954,48704636,WithOptimizer
resources/lupos/q2.sparql,2097152,0,241,5006.865091,48.13391126379762,48704636,NoOptimizer
