resources/lupos/persistence-import.sparql,1024,0,1,131.308565,7.61564944373583,30264
resources/lupos/q2.sparql,1024,0,18325,5000.219693,3664.8389721063404,30264,WithOptimizer
resources/lupos/q2.sparql,1024,0,69516,5000.030087,13903.11633938774,30264,NoOptimizer
