resources/lupos/persistence-import.sparql,32,0,1,151.104811,6.6179229726841715,36742
resources/lupos/q2.sparql,32,0,22186,5000.166806,4437.051974621664,36742,WithOptimizer
resources/lupos/q2.sparql,32,0,82104,5000.05332,16420.62489045617,36742,NoOptimizer
