resources/lupos/persistence-import.sparql,1024,0,1,128.32723,7.792578395091986,23782
resources/lupos/q2.sparql,1024,0,19008,5000.052882,3801.559793183003,23782,WithOptimizer
resources/lupos/q2.sparql,1024,0,73434,5000.035741,14686.695016566684,23782,NoOptimizer
