resources/lupos/persistence-import.sparql,1024,0,1,127.811444,7.824025523097916,25973
resources/lupos/q2.sparql,1024,0,18240,5000.1312609999995,3647.9042344884556,25973,WithOptimizer
resources/lupos/q2.sparql,1024,0,64127,5000.074732,12825.208309306527,25973,NoOptimizer
