resources/lupos/persistence-import.sparql,1024,0,1,121.220629,8.249420979328526,22261
resources/lupos/q2.sparql,1024,0,24535,5000.175974000001,4906.827305194359,22261,WithOptimizer
resources/lupos/q2.sparql,1024,0,112594,5000.023801,22518.692806518502,22261,NoOptimizer
resources/lupos/persistence-import.sparql,32768,0,1,289.57473,3.453340006567562,680656
resources/lupos/q2.sparql,32768,0,5859,5000.083068,1171.780532506945,680656,WithOptimizer
resources/lupos/q2.sparql,32768,0,9353,5000.299091999999,1870.4881103940174,680656,NoOptimizer
resources/lupos/persistence-import.sparql,2097152,0,1,5262.506767,0.19002350861965173,46761582
resources/lupos/q2.sparql,2097152,0,136,5019.058535,27.096715260763542,46761582,WithOptimizer
resources/lupos/q2.sparql,2097152,0,162,5015.070417,32.302637157567155,46761582,NoOptimizer
