resources/lupos/persistence-import.sparql,1024,0,1,116.755047,8.56494023765842,23316
resources/lupos/q2.sparql,1024,0,22791,5000.067543,4558.138425931259,23316,WithOptimizer
resources/lupos/q2.sparql,1024,0,95855,5000.010604,19170.959342229427,23316,NoOptimizer
resources/lupos/persistence-import.sparql,32768,0,1,284.34703,3.5168294179123305,716028
resources/lupos/q2.sparql,32768,0,7105,5000.195736000001,1420.9443740064019,716028,WithOptimizer
resources/lupos/q2.sparql,32768,0,11222,5000.3474209999995,2244.2440604968515,716028,NoOptimizer
resources/lupos/persistence-import.sparql,2097152,0,1,5127.842963,0.19501377230455566,49206171
resources/lupos/q2.sparql,2097152,0,225,5006.673986,44.94001419488471,49206171,WithOptimizer
resources/lupos/q2.sparql,2097152,0,252,5005.741096000001,50.34219612384044,49206171,NoOptimizer
