resources/lupos/persistence-import.sparql,1024,0,1,163.651141,6.110559290264893,95196
resources/lupos/q2.sparql,1024,0,17447,5000.081945,3489.342813160635,95196,WithOptimizer
resources/lupos/q2.sparql,1024,0,49322,5000.046343,9864.308571669571,95196,NoOptimizer
