resources/lupos/persistence-import.sparql,1024,0,1,134.184035,7.452451403775419,39657
resources/lupos/q2.sparql,1024,0,21813,5000.122074,4362.493490593925,39657,WithOptimizer
resources/lupos/q2.sparql,1024,0,68373,5000.0030019999995,13674.59178977509,39657,NoOptimizer
resources/lupos/persistence-import.sparql,32768,0,1,349.266714,2.863141432939413,1261796
resources/lupos/q2.sparql,32768,0,2900,5000.957564,579.8889438446753,1261796,WithOptimizer
resources/lupos/q2.sparql,32768,0,3721,5000.689158,744.0974398593082,1261796,NoOptimizer
resources/lupos/persistence-import.sparql,2097152,0,1,9432.517122,0.10601624010494957,86939298
resources/lupos/q2.sparql,2097152,0,55,5064.154135,10.860648892946857,86939298,WithOptimizer
resources/lupos/q2.sparql,2097152,0,60,5046.226743,11.890072138203164,86939298,NoOptimizer
