resources/lupos/persistence-import.sparql,1024,0,1,126.440301,7.90887076423521,30264
resources/lupos/q2.sparql,1024,0,18522,5000.060263,3704.3553528866737,30264,WithOptimizer
resources/lupos/q2.sparql,1024,0,63698,5000.008454999999,12739.578457372829,30264,NoOptimizer
