resources/lupos/persistence-import.sparql,1024,0,1,160.031675,6.248762940211679,46567
resources/lupos/q2.sparql,1024,0,20648,5000.127554,4129.494653287799,46567,WithOptimizer
resources/lupos/q2.sparql,1024,0,71299,5000.069866999999,14259.600744894953,46567,NoOptimizer
resources/lupos/persistence-import.sparql,32768,0,1,351.62899,2.843906584607828,1494309
resources/lupos/q2.sparql,32768,0,4537,5000.450698,907.3182146990544,1494309,WithOptimizer
resources/lupos/q2.sparql,32768,0,6783,5000.372497,1356.498941642747,1494309,NoOptimizer
resources/lupos/persistence-import.sparql,2097152,0,1,10740.521776,0.0931053463561266,103021399
resources/lupos/q2.sparql,2097152,0,44,5036.419964000001,8.736364384723498,103021399,WithOptimizer
resources/lupos/q2.sparql,2097152,0,56,5047.650849,11.094269725707013,103021399,NoOptimizer
