resources/lupos/persistence-import.sparql,1024,0,1,116.753952,8.56502056564218,22261
resources/lupos/q2.sparql,1024,0,24987,5000.017253,4997.382756031062,22261,WithOptimizer
resources/lupos/q2.sparql,1024,0,106498,5000.006797,21299.57104536312,22261,NoOptimizer
resources/lupos/persistence-import.sparql,32768,0,1,287.922295,3.4731593119594995,680666
resources/lupos/q2.sparql,32768,0,5011,5000.414901,1002.1168441438496,680666,WithOptimizer
resources/lupos/q2.sparql,32768,0,6928,5000.019359999999,1385.5946349775734,680666,NoOptimizer
resources/lupos/persistence-import.sparql,2097152,0,1,5217.686224,0.19165583307793788,46764355
resources/lupos/q2.sparql,2097152,0,105,5043.587627,20.818514074762998,46764355,WithOptimizer
resources/lupos/q2.sparql,2097152,0,112,5029.663646,22.267890635007284,46764355,NoOptimizer
