resources/lupos/persistence-import.sparql,1024,0,1,143.493934,6.968935704278622,56292
resources/lupos/q2.sparql,1024,0,21009,5000.044223,4201.762837088411,56292,WithOptimizer
resources/lupos/q2.sparql,1024,0,60530,5000.058690000001,12105.857901439953,56292,NoOptimizer
resources/lupos/persistence-import.sparql,32768,0,1,378.80519499999997,2.639879318444933,1830051
resources/lupos/q2.sparql,32768,0,3258,5000.805708,651.4950170505605,1830051,WithOptimizer
resources/lupos/q2.sparql,32768,0,5069,5000.934458,1013.6105646997864,1830051,NoOptimizer
resources/lupos/persistence-import.sparql,2097152,0,1,12173.669899,0.08214449778058665,125536565
resources/lupos/q2.sparql,2097152,0,60,5067.6164850000005,11.839885709109653,125536565,WithOptimizer
resources/lupos/q2.sparql,2097152,0,80,5052.217447,15.834631196941828,125536565,NoOptimizer
