resources/lupos/persistence-import.sparql,1024,0,1,145.65551,6.865514390770388,71071
resources/lupos/q2.sparql,1024,0,18484,5000.146078,3696.691998925236,71071,WithOptimizer
resources/lupos/q2.sparql,1024,0,48253,5000.098038,9650.410778605617,71071,NoOptimizer
resources/lupos/persistence-import.sparql,32768,0,1,441.83136099999996,2.2633069724536825,2338376
resources/lupos/q2.sparql,32768,0,2240,5000.098028,447.9912168633987,2338376,WithOptimizer
resources/lupos/q2.sparql,32768,0,2875,5001.489082,574.8288065542157,2338376,NoOptimizer
resources/lupos/persistence-import.sparql,2097152,0,1,14619.547681,0.06840156903757219,159309173
resources/lupos/q2.sparql,2097152,0,41,5028.696111,8.153206933764544,159309173,WithOptimizer
resources/lupos/q2.sparql,2097152,0,44,5016.444537,8.771152491663639,159309173,NoOptimizer
