resources/lupos/persistence-import.sparql,1024,0,1,162.827961,6.141451344465341,95196
resources/lupos/q2.sparql,1024,0,19864,5000.099926,3972.7206043841775,95196,WithOptimizer
resources/lupos/q2.sparql,1024,0,57811,5000.041196,11562.104737506648,95196,NoOptimizer
resources/lupos/persistence-import.sparql,32768,0,1,510.961009,1.9570964954001022,3184950
resources/lupos/q2.sparql,32768,0,2863,5000.075236,572.5913841029252,3184950,WithOptimizer
resources/lupos/q2.sparql,32768,0,3776,5000.663345000001,755.0998216617598,3184950,NoOptimizer
resources/lupos/persistence-import.sparql,2097152,0,1,24454.66784,0.0408919886601085,215596578
resources/lupos/q2.sparql,2097152,0,27,5082.210079,5.312649335682843,215596578,WithOptimizer
resources/lupos/q2.sparql,2097152,0,31,5138.440409,6.032958939390125,215596578,NoOptimizer
