resources/lupos/persistence-import.sparql,1024,0,1,148.22062,6.74669961574847,23163
resources/lupos/q2.sparql,1024,0,19001,5000.194175,3800.0524249640766,23163,WithOptimizer
resources/lupos/q2.sparql,1024,0,68003,5000.021148,13600.542475145547,23163,NoOptimizer
