resources/lupos/persistence-import.sparql,1024,0,1,118.070436,8.46952068509343,22261
resources/lupos/q2.sparql,1024,0,23976,5000.095681000001,4795.1082398497,22261,WithOptimizer
resources/lupos/q2.sparql,1024,0,116076,5000.04511,23214.990554355216,22261,NoOptimizer
resources/lupos/persistence-import.sparql,32768,0,1,272.040345,3.675925348499319,680656
resources/lupos/q2.sparql,32768,0,6943,5000.41517,1388.4847085607094,680656,WithOptimizer
resources/lupos/q2.sparql,32768,0,12897,5000.033499,2579.382718651662,680656,NoOptimizer
resources/lupos/persistence-import.sparql,2097152,0,1,4771.945589999999,0.2095581311940315,46761582
resources/lupos/q2.sparql,2097152,0,204,5012.191432,40.70075989068887,46761582,WithOptimizer
resources/lupos/q2.sparql,2097152,0,245,5010.673231,48.895625139599126,46761582,NoOptimizer
