resources/lupos/persistence-import.sparql,1024,0,1,124.425565,8.03693356747064,23981
resources/lupos/q2.sparql,1024,0,19376,5000.04834,3875.1625349286123,23981,WithOptimizer
resources/lupos/q2.sparql,1024,0,77231,5000.006042,15446.181334834475,23981,NoOptimizer
