resources/lupos/persistence-import.sparql,1024,0,1,122.678562,8.151383450353778,23316
resources/lupos/q2.sparql,1024,0,25056,5000.036835000001,5011.163082761569,23316,WithOptimizer
resources/lupos/q2.sparql,1024,0,95295,5000.002757,19058.989490873195,23316,NoOptimizer
resources/lupos/persistence-import.sparql,32768,0,1,323.63741699999997,3.0898775835922585,716028
resources/lupos/q2.sparql,32768,0,3479,5000.625166,695.713012775731,716028,WithOptimizer
resources/lupos/q2.sparql,32768,0,4280,5000.451377,855.9227312330688,716028,NoOptimizer
resources/lupos/persistence-import.sparql,2097152,0,1,4855.111363,0.20596849901751677,49206171
resources/lupos/q2.sparql,2097152,0,66,5048.253874,13.073827435644532,49206171,WithOptimizer
resources/lupos/q2.sparql,2097152,0,70,5052.992617,13.85317678171466,49206171,NoOptimizer
