resources/lupos/persistence-import.sparql,1024,0,1,162.075098,6.169979301817236,95196
resources/lupos/q2.sparql,1024,0,17062,5000.195073000001,3412.2668717729043,95196,WithOptimizer
resources/lupos/q2.sparql,1024,0,51319,5000.081327,10263.63305790286,95196,NoOptimizer
