resources/lupos/persistence-import.sparql,1024,0,1,147.36213,6.786003975376849,22263
resources/lupos/q2.sparql,1024,0,25046,5000.049651,5009.1502581361065,22263,WithOptimizer
resources/lupos/q2.sparql,1024,0,96374,5000.04207,19274.637823197354,22263,NoOptimizer
resources/lupos/persistence-import.sparql,32768,0,1,287.188897,3.4820287638069796,680599
resources/lupos/q2.sparql,32768,0,3415,5000.397315,682.9457310833709,680599,WithOptimizer
resources/lupos/q2.sparql,32768,0,4251,5000.620978,850.0944220132014,680599,NoOptimizer
resources/lupos/persistence-import.sparql,2097152,0,1,4686.881507,0.2133614853515007,46746609
resources/lupos/q2.sparql,2097152,0,62,5060.207354,12.25246233259397,46746609,WithOptimizer
resources/lupos/q2.sparql,2097152,0,65,5006.266992999999,12.983726215738411,46746609,NoOptimizer
