resources/lupos/persistence-import.sparql,1024,0,1,116.80193,8.56150236558591,23071
resources/lupos/q2.sparql,1024,0,19835,5000.164035,3966.869858900539,23071,WithOptimizer
resources/lupos/q2.sparql,1024,0,77280,5000.020782,15455.935758948612,23071,NoOptimizer
