resources/lupos/persistence-import.sparql,1024,0,1,121.535016,8.228081362164794,22261
resources/lupos/q2.sparql,1024,0,22752,5000.138206,4550.274224960093,22261,WithOptimizer
resources/lupos/q2.sparql,1024,0,101770,5000.014748,20353.939964018682,22261,NoOptimizer
resources/lupos/persistence-import.sparql,32768,0,1,299.21210199999996,3.3421108080715265,680666
resources/lupos/q2.sparql,32768,0,6020,5000.378097999999,1203.9089608859415,680666,WithOptimizer
resources/lupos/q2.sparql,32768,0,11471,5000.193111,2294.111396370827,680666,NoOptimizer
resources/lupos/persistence-import.sparql,2097152,0,1,4641.474534,0.2154487744518992,46764355
resources/lupos/q2.sparql,2097152,0,206,5019.316543999999,41.04144422735177,46764355,WithOptimizer
resources/lupos/q2.sparql,2097152,0,251,5001.828058,50.181653005554,46764355,NoOptimizer
