resources/lupos/persistence-import.sparql,1024,0,1,118.210945,8.459453564134861,22259
resources/lupos/q2.sparql,1024,0,19425,5000.133855,3884.8959974492527,22259,WithOptimizer
resources/lupos/q2.sparql,1024,0,64607,5000.006698,12921.382690515748,22259,NoOptimizer
resources/lupos/persistence-import.sparql,32768,0,1,277.73436699999996,3.600562691616771,680661
resources/lupos/q2.sparql,32768,0,6405,5000.016442,1280.9957875734522,680661,WithOptimizer
resources/lupos/q2.sparql,32768,0,15171,5000.463497,3033.918757551526,680661,NoOptimizer
resources/lupos/persistence-import.sparql,2097152,0,1,4723.315923,0.2117156710036141,46763736
resources/lupos/q2.sparql,2097152,0,122,5038.61961,24.21298082472235,46763736,WithOptimizer
resources/lupos/q2.sparql,2097152,0,123,5018.234350000001,24.51061298083857,46763736,NoOptimizer
