resources/lupos/persistence-import.sparql,1024,0,1,131.594561,7.599098263643282,30264
resources/lupos/q2.sparql,1024,0,23830,5000.097839,4765.90674169006,30264,WithOptimizer
resources/lupos/q2.sparql,1024,0,89748,5000.032748,17949.482438069823,30264,NoOptimizer
resources/lupos/persistence-import.sparql,32768,0,1,308.03382600000003,3.2463967122883446,951799
resources/lupos/q2.sparql,32768,0,4722,5000.082206,944.3844731859995,951799,WithOptimizer
resources/lupos/q2.sparql,32768,0,7533,5000.631253,1506.4098148570286,951799,NoOptimizer
resources/lupos/persistence-import.sparql,2097152,0,1,5639.9602429999995,0.17730621439063218,65496511
resources/lupos/q2.sparql,2097152,0,117,5003.844222,23.382022862661373,65496511,WithOptimizer
resources/lupos/q2.sparql,2097152,0,145,5002.377451,28.98621733772084,65496511,NoOptimizer
