resources/lupos/persistence-import.sparql,1024,0,1,130.631031,7.655148951553478,25973
resources/lupos/q2.sparql,1024,0,16834,5000.145665999999,3366.701917199706,25973,WithOptimizer
resources/lupos/q2.sparql,1024,0,62999,5000.037399,12599.705756720881,25973,NoOptimizer
