resources/lupos/persistence-import.sparql,1024,0,1,127.847869,7.821796388330884,27118
resources/lupos/q2.sparql,1024,0,22862,5000.120857,4572.2894813620305,27118,WithOptimizer
resources/lupos/q2.sparql,1024,0,87780,5000.015552,17555.945393987447,27118,NoOptimizer
resources/lupos/persistence-import.sparql,32768,0,1,352.110437,2.8400180594476385,843302
resources/lupos/q2.sparql,32768,0,4260,5000.956708999999,851.8370079735878,843302,WithOptimizer
resources/lupos/q2.sparql,32768,0,6321,5000.233263,1264.1410245344387,843302,NoOptimizer
resources/lupos/persistence-import.sparql,2097152,0,1,5152.795095,0.19406942864278595,57991502
resources/lupos/q2.sparql,2097152,0,91,5023.247021,18.115772451477852,57991502,WithOptimizer
resources/lupos/q2.sparql,2097152,0,141,5019.977397,28.087775870119124,57991502,NoOptimizer
