resources/lupos/persistence-import.sparql,32,0,1,144.476375,6.921546861900432,53250
resources/lupos/q2.sparql,32,0,18912,5000.1289560000005,3782.3024498810546,53250,WithOptimizer
resources/lupos/q2.sparql,32,0,67749,5000.064502,13549.625204415013,53250,NoOptimizer
