resources/lupos/persistence-import.sparql,1024,0,1,142.687051,7.008344436244603,56292
resources/lupos/q2.sparql,1024,0,22021,5000.065492,4404.14231278233,56292,WithOptimizer
resources/lupos/q2.sparql,1024,0,70621,5000.012649,14124.164268689232,56292,NoOptimizer
resources/lupos/persistence-import.sparql,32768,0,1,380.219403,2.630060412776988,1830051
resources/lupos/q2.sparql,32768,0,3654,5000.774208,730.6868592776104,1830051,WithOptimizer
resources/lupos/q2.sparql,32768,0,5321,5000.468544,1064.1002844392656,1830051,NoOptimizer
resources/lupos/persistence-import.sparql,2097152,0,1,11900.874855,0.08402743598130206,125536565
resources/lupos/q2.sparql,2097152,0,46,5036.937977,9.132532544583286,125536565,WithOptimizer
resources/lupos/q2.sparql,2097152,0,60,5080.374556,11.810152841809485,125536565,NoOptimizer
