resources/lupos/persistence-import.sparql,1024,0,1,124.915001,8.005443637630039,22260
resources/lupos/q2.sparql,1024,0,18146,5000.0199649999995,3629.185508662264,22260,WithOptimizer
resources/lupos/q2.sparql,1024,0,71491,5000.001211,14298.196536976799,22260,NoOptimizer
